변환,원자료,원자료,원자료
"2009/01/02","3.93","4.250","7.730"
"2009/01/05","3.92","4.220","7.510"
"2009/01/06","3.92","4.240","7.460"
"2009/01/07","3.92","4.350","7.450"
"2009/01/08","3.25","4.160","7.250"
"2009/01/09","3.18","4.370","7.430"
"2009/01/12","3.18","4.420","7.460"
"2009/01/13","3.13","4.390","7.420"
"2009/01/14","3.02","4.280","7.250"
"2009/01/15","2.98","4.470","7.380"
"2009/01/16","2.97","4.530","7.390"
"2009/01/19","2.97","4.430","7.250"
"2009/01/20","2.97","4.520","7.290"
"2009/01/21","2.97","4.490","7.220"
"2009/01/22","2.96","4.500","7.220"
"2009/01/23","2.96","4.500","7.190"
"2009/01/28","2.96","4.510","7.140"
"2009/01/29","2.96","4.570","7.190"
"2009/01/30","2.96","4.710","7.290"
"2009/02/02","2.96","5.050","7.490"
"2009/02/03","2.96","5.200","7.570"
"2009/02/04","2.96","5.200","7.450"
"2009/02/05","2.92","5.310","7.480"
"2009/02/06","2.92","5.270","7.370"
"2009/02/09","2.92","5.290","7.290"
"2009/02/10","2.92","5.310","7.170"
"2009/02/11","2.92","5.270","7.070"
"2009/02/12","2.64","5.250","6.970"
"2009/02/13","2.57","5.190","6.850"
"2009/02/16","2.57","5.260","6.850"
"2009/02/17","2.57","5.510","7.050"
"2009/02/18","2.56","5.450","6.960"
"2009/02/19","2.55","5.340","6.890"
"2009/02/20","2.54","5.270","6.930"
"2009/02/23","2.53","5.150","6.860"
"2009/02/24","2.51","5.150","6.880"
"2009/02/25","2.51","5.160","6.920"
"2009/02/26","2.49","5.060","6.740"
"2009/02/27","2.49","5.060","6.600"
"2009/03/02","2.49","5.100","6.620"
"2009/03/03","2.49","5.040","6.480"
"2009/03/04","2.49","5.030","6.290"
"2009/03/05","2.49","5.070","6.280"
"2009/03/06","2.49","5.030","6.200"
"2009/03/09","2.45","5.060","6.210"
"2009/03/10","2.45","4.880","6.110"
"2009/03/11","2.45","4.910","6.150"
"2009/03/12","2.45","4.840","6.080"
"2009/03/13","2.43","4.880","6.160"
"2009/03/16","2.43","4.950","6.120"
"2009/03/17","2.43","4.850","6.010"
"2009/03/18","2.43","4.870","6.040"
"2009/03/19","2.43","4.730","5.910"
"2009/03/20","2.43","4.770","5.920"
"2009/03/23","2.43","4.940","5.940"
"2009/03/24","2.43","5.010","6.020"
"2009/03/25","2.43","5.000","6.020"
"2009/03/26","2.43","5.080","6.070"
"2009/03/27","2.43","5.060","6.070"
"2009/03/30","2.43","5.150","6.150"
"2009/03/31","2.43","5.170","6.130"
"2009/04/01","2.43","5.080","6.020"
"2009/04/02","2.43","5.060","5.990"
"2009/04/03","2.43","5.050","5.990"
"2009/04/06","2.43","5.130","6.010"
"2009/04/07","2.43","5.130","5.970"
"2009/04/08","2.43","5.080","5.910"
"2009/04/09","2.43","5.030","5.880"
"2009/04/10","2.43","5.040","5.870"
"2009/04/13","2.43","5.040","5.840"
"2009/04/14","2.43","4.990","5.740"
"2009/04/15","2.42","4.890","5.690"
"2009/04/16","2.41","4.900","5.700"
"2009/04/17","2.41","4.840","5.620"
"2009/04/20","2.41","4.820","5.590"
"2009/04/21","2.41","4.810","5.570"
"2009/04/22","2.41","4.840","5.590"
"2009/04/23","2.41","4.830","5.550"
"2009/04/24","2.41","4.720","5.370"
"2009/04/27","2.41","4.730","5.350"
"2009/04/28","2.41","4.560","5.210"
"2009/04/29","2.41","4.560","5.230"
"2009/04/30","2.41","4.690","5.290"
"2009/05/04","2.41","4.860","5.450"
"2009/05/06","2.41","4.880","5.450"
"2009/05/07","2.41","5.060","5.480"
"2009/05/08","2.41","5.070","5.460"
"2009/05/11","2.41","5.120","5.490"
"2009/05/12","2.41","5.020","5.350"
"2009/05/13","2.41","5.030","5.210"
"2009/05/14","2.41","4.970","5.070"
"2009/05/15","2.41","5.010","5.060"
"2009/05/18","2.41","4.990","5.010"
"2009/05/19","2.41","5.100","5.070"
"2009/05/20","2.41","5.110","5.060"
"2009/05/21","2.41","5.090","5.010"
"2009/05/22","2.41","5.080","5.000"
"2009/05/25","2.41","5.050","4.970"
"2009/05/26","2.41","5.050","4.950"
"2009/05/27","2.41","5.090","4.970"
"2009/05/28","2.41","5.170","5.010"
"2009/05/29","2.41","5.170","4.980"
"2009/06/01","2.41","5.150","4.960"
"2009/06/02","2.41","5.190","4.970"
"2009/06/03","2.41","5.140","4.940"
"2009/06/04","2.42","5.110","4.910"
"2009/06/05","2.41","5.120","4.900"
"2009/06/08","2.41","5.280","5.060"
"2009/06/09","2.41","5.300","5.110"
"2009/06/10","2.41","5.320","5.130"
"2009/06/11","2.41","5.480","5.320"
"2009/06/12","2.41","5.410","5.400"
"2009/06/15","2.41","5.380","5.380"
"2009/06/16","2.41","5.350","5.360"
"2009/06/17","2.41","5.320","5.350"
"2009/06/18","2.41","5.240","5.310"
"2009/06/19","2.41","5.250","5.290"
"2009/06/22","2.41","5.290","5.330"
"2009/06/23","2.41","5.250","5.290"
"2009/06/24","2.41","5.220","5.260"
"2009/06/25","2.41","5.260","5.370"
"2009/06/26","2.41","5.210","5.340"
"2009/06/29","2.41","5.150","5.320"
"2009/06/30","2.41","5.190","5.390"
"2009/07/01","2.41","5.080","5.350"
"2009/07/02","2.41","5.050","5.340"
"2009/07/03","2.41","5.040","5.320"
"2009/07/06","2.41","5.080","5.360"
"2009/07/07","2.41","5.140","5.420"
"2009/07/08","2.41","5.090","5.390"
"2009/07/09","2.41","5.040","5.330"
"2009/07/10","2.41","4.980","5.260"
"2009/07/13","2.41","5.030","5.300"
"2009/07/14","2.41","5.070","5.320"
"2009/07/15","2.41","5.150","5.360"
"2009/07/16","2.41","5.160","5.370"
"2009/07/17","2.41","5.260","5.480"
"2009/07/20","2.41","5.380","5.570"
"2009/07/21","2.41","5.350","5.560"
"2009/07/22","2.41","5.370","5.610"
"2009/07/23","2.41","5.260","5.580"
"2009/07/24","2.41","5.260","5.580"
"2009/07/27","2.41","5.270","5.590"
"2009/07/28","2.41","5.270","5.590"
"2009/07/29","2.41","5.300","5.600"
"2009/07/30","2.41","5.250","5.580"
"2009/07/31","2.41","5.330","5.680"
"2009/08/03","2.41","5.390","5.770"
"2009/08/04","2.41","5.370","5.750"
"2009/08/05","2.41","5.400","5.810"
"2009/08/06","2.42","5.430","5.860"
"2009/08/07","2.42","5.400","5.850"
"2009/08/10","2.42","5.440","5.860"
"2009/08/11","2.42","5.440","5.800"
"2009/08/12","2.42","5.460","5.810"
"2009/08/13","2.45","5.490","5.880"
"2009/08/14","2.47","5.530","5.940"
"2009/08/17","2.48","5.460","5.800"
"2009/08/18","2.49","5.490","5.810"
"2009/08/19","2.49","5.410","5.670"
"2009/08/20","2.51","5.470","5.680"
"2009/08/21","2.51","5.420","5.630"
"2009/08/24","2.51","5.520","5.670"
"2009/08/25","2.52","5.460","5.610"
"2009/08/26","2.56","5.440","5.590"
"2009/08/27","2.57","5.400","5.540"
"2009/08/28","2.57","5.440","5.580"
"2009/08/31","2.57","5.460","5.610"
"2009/09/01","2.57","5.450","5.610"
"2009/09/02","2.57","5.380","5.550"
"2009/09/03","2.57","5.340","5.530"
"2009/09/04","2.57","5.350","5.530"
"2009/09/07","2.57","5.370","5.540"
"2009/09/08","2.57","5.350","5.500"
"2009/09/09","2.57","5.340","5.480"
"2009/09/10","2.58","5.450","5.670"
"2009/09/11","2.59","5.430","5.650"
"2009/09/14","2.61","5.440","5.650"
"2009/09/15","2.62","5.400","5.630"
"2009/09/16","2.63","5.380","5.560"
"2009/09/17","2.64","5.350","5.560"
"2009/09/18","2.65","5.320","5.530"
"2009/09/21","2.68","5.370","5.580"
"2009/09/22","2.70","5.400","5.630"
"2009/09/23","2.71","5.370","5.610"
"2009/09/24","2.72","5.360","5.580"
"2009/09/25","2.72","5.350","5.560"
"2009/09/28","2.73","5.360","5.580"
"2009/09/29","2.74","5.380","5.600"
"2009/09/30","2.75","5.340","5.530"
"2009/10/01","2.76","5.320","5.510"
"2009/10/05","2.77","5.300","5.490"
"2009/10/06","2.78","5.370","5.590"
"2009/10/07","2.79","5.360","5.590"
"2009/10/08","2.80","5.350","5.610"
"2009/10/09","2.81","5.280","5.500"
"2009/10/12","2.81","5.370","5.530"
"2009/10/13","2.81","5.380","5.510"
"2009/10/14","2.81","5.390","5.510"
"2009/10/15","2.80","5.430","5.550"
"2009/10/16","2.80","5.520","5.670"
"2009/10/19","2.80","5.530","5.660"
"2009/10/20","2.79","5.530","5.670"
"2009/10/21","2.79","5.530","5.650"
"2009/10/22","2.79","5.550","5.670"
"2009/10/23","2.79","5.600","5.710"
"2009/10/26","2.79","5.630","5.740"
"2009/10/27","2.79","5.540","5.660"
"2009/10/28","2.79","5.510","5.640"
"2009/10/29","2.79","5.440","5.590"
"2009/10/30","2.79","5.430","5.580"
"2009/11/02","2.79","5.400","5.570"
"2009/11/03","2.79","5.400","5.560"
"2009/11/04","2.79","5.440","5.600"
"2009/11/05","2.79","5.430","5.580"
"2009/11/06","2.79","5.470","5.580"
"2009/11/09","2.79","5.500","5.590"
"2009/11/10","2.79","5.500","5.560"
"2009/11/11","2.79","5.470","5.520"
"2009/11/12","2.79","5.380","5.440"
"2009/11/13","2.79","5.380","5.390"
"2009/11/16","2.79","5.460","5.410"
"2009/11/17","2.79","5.400","5.350"
"2009/11/18","2.79","5.410","5.380"
"2009/11/19","2.79","5.350","5.350"
"2009/11/20","2.79","5.340","5.360"
"2009/11/23","2.79","5.380","5.400"
"2009/11/24","2.79","5.370","5.380"
"2009/11/25","2.79","5.340","5.350"
"2009/11/26","2.79","5.310","5.300"
"2009/11/27","2.79","5.240","5.170"
"2009/11/30","2.79","5.250","5.210"
"2009/12/01","2.79","5.220","5.160"
"2009/12/02","2.79","5.300","5.240"
"2009/12/03","2.79","5.280","5.230"
"2009/12/04","2.79","5.270","5.270"
"2009/12/07","2.79","5.320","5.350"
"2009/12/08","2.79","5.250","5.300"
"2009/12/09","2.79","5.240","5.270"
"2009/12/10","2.79","5.320","5.360"
"2009/12/11","2.79","5.300","5.330"
"2009/12/14","2.79","5.300","5.350"
"2009/12/15","2.79","5.250","5.280"
"2009/12/16","2.83","5.300","5.350"
"2009/12/17","2.85","5.300","5.350"
"2009/12/18","2.85","5.250","5.300"
"2009/12/21","2.85","5.280","5.300"
"2009/12/22","2.85","5.370","5.420"
"2009/12/23","2.85","5.340","5.390"
"2009/12/24","2.85","5.360","5.440"
"2009/12/28","2.85","5.390","5.480"
"2009/12/29","2.85","5.400","5.510"
"2009/12/30","2.86","5.390","5.530"
"2009/12/31","2.86","5.390","5.530"
"2010/01/04","2.88","5.430","5.560"
"2010/01/05","2.88","5.350","5.480"
"2010/01/06","2.88","5.380","5.540"
"2010/01/07","2.88","5.290","5.440"
"2010/01/08","2.88","5.360","5.470"
"2010/01/11","2.88","5.380","5.380"
"2010/01/12","2.88","5.370","5.360"
"2010/01/13","2.88","5.360","5.370"
"2010/01/14","2.88","5.340","5.350"
"2010/01/15","2.88","5.360","5.370"
"2010/01/18","2.88","5.390","5.410"
"2010/01/19","2.88","5.340","5.370"
"2010/01/20","2.88","5.340","5.370"
"2010/01/21","2.88","5.340","5.380"
"2010/01/22","2.88","5.330","5.350"
"2010/01/25","2.88","5.350","5.370"
"2010/01/26","2.88","5.310","5.320"
"2010/01/27","2.88","5.330","5.350"
"2010/01/28","2.88","5.380","5.430"
"2010/01/29","2.88","5.340","5.390"
"2010/02/01","2.88","5.360","5.420"
"2010/02/02","2.88","5.340","5.400"
"2010/02/03","2.88","5.350","5.400"
"2010/02/04","2.88","5.360","5.390"
"2010/02/05","2.88","5.320","5.360"
"2010/02/08","2.88","5.350","5.400"
"2010/02/09","2.88","5.360","5.400"
"2010/02/10","2.88","5.360","5.400"
"2010/02/11","2.88","5.310","5.310"
"2010/02/12","2.88","5.290","5.250"
"2010/02/16","2.88","5.300","5.250"
"2010/02/17","2.88","5.300","5.240"
"2010/02/18","2.88","5.290","5.240"
"2010/02/19","2.88","5.310","5.320"
"2010/02/22","2.88","5.300","5.340"
"2010/02/23","2.88","5.270","5.300"
"2010/02/24","2.88","5.220","5.280"
"2010/02/25","2.88","5.130","5.230"
"2010/02/26","2.88","5.140","5.240"
"2010/03/02","2.88","5.140","5.240"
"2010/03/03","2.88","5.110","5.220"
"2010/03/04","2.88","5.060","5.210"
"2010/03/05","2.86","5.040","5.220"
"2010/03/08","2.86","5.040","5.240"
"2010/03/09","2.86","5.030","5.220"
"2010/03/10","2.86","5.010","5.200"
"2010/03/11","2.84","4.890","5.090"
"2010/03/12","2.83","4.840","5.050"
"2010/03/15","2.83","4.850","5.050"
"2010/03/16","2.82","4.830","4.940"
"2010/03/17","2.82","4.790","4.880"
"2010/03/18","2.82","4.740","4.830"
"2010/03/19","2.82","4.720","4.840"
"2010/03/22","2.81","4.680","4.810"
"2010/03/23","2.81","4.810","4.920"
"2010/03/24","2.81","4.940","4.960"
"2010/03/25","2.81","4.860","4.850"
"2010/03/26","2.78","4.910","4.860"
"2010/03/29","2.78","4.980","4.910"
"2010/03/30","2.78","4.990","4.910"
"2010/03/31","2.78","4.950","4.890"
"2010/04/01","2.78","4.910","4.840"
"2010/04/02","2.78","4.930","4.840"
"2010/04/05","2.72","4.960","4.850"
"2010/04/06","2.63","4.940","4.840"
"2010/04/07","2.63","4.880","4.820"
"2010/04/08","2.53","4.810","4.740"
"2010/04/09","2.46","4.830","4.770"
"2010/04/12","2.45","4.940","4.850"
"2010/04/13","2.45","4.950","4.810"
"2010/04/14","2.45","4.980","4.840"
"2010/04/15","2.45","4.970","4.790"
"2010/04/16","2.45","4.930","4.730"
"2010/04/19","2.45","4.940","4.690"
"2010/04/20","2.45","4.940","4.660"
"2010/04/21","2.45","4.970","4.650"
"2010/04/22","2.45","4.940","4.620"
"2010/04/23","2.45","4.910","4.600"
"2010/04/26","2.45","4.900","4.580"
"2010/04/27","2.45","4.840","4.490"
"2010/04/28","2.45","4.830","4.440"
"2010/04/29","2.45","4.810","4.400"
"2010/04/30","2.45","4.820","4.410"
"2010/05/03","2.45","4.860","4.470"
"2010/05/04","2.45","4.860","4.480"
"2010/05/06","2.45","4.930","4.530"
"2010/05/07","2.45","4.890","4.440"
"2010/05/10","2.45","4.960","4.460"
"2010/05/11","2.45","4.900","4.390"
"2010/05/12","2.45","4.970","4.510"
"2010/05/13","2.45","4.980","4.530"
"2010/05/14","2.45","4.990","4.520"
"2010/05/17","2.45","5.040","4.530"
"2010/05/18","2.45","5.040","4.530"
"2010/05/19","2.45","5.030","4.530"
"2010/05/20","2.45","5.000","4.510"
"2010/05/24","2.45","4.940","4.430"
"2010/05/25","2.45","4.920","4.400"
"2010/05/26","2.45","4.960","4.440"
"2010/05/27","2.45","4.930","4.440"
"2010/05/28","2.45","4.940","4.460"
"2010/05/31","2.45","4.930","4.450"
"2010/06/01","2.45","4.890","4.460"
"2010/06/03","2.45","4.900","4.520"
"2010/06/04","2.45","4.910","4.560"
"2010/06/07","2.45","4.880","4.500"
"2010/06/08","2.45","4.900","4.510"
"2010/06/09","2.45","4.890","4.510"
"2010/06/10","2.45","4.920","4.540"
"2010/06/11","2.45","4.940","4.580"
"2010/06/14","2.45","4.940","4.610"
"2010/06/15","2.45","4.920","4.640"
"2010/06/16","2.45","4.900","4.630"
"2010/06/17","2.45","4.900","4.620"
"2010/06/18","2.45","4.910","4.640"
"2010/06/21","2.45","4.980","4.770"
"2010/06/22","2.45","4.990","4.790"
"2010/06/23","2.45","4.990","4.820"
"2010/06/24","2.46","4.980","4.800"
"2010/06/25","2.46","4.990","4.800"
"2010/06/28","2.46","4.990","4.840"
"2010/06/29","2.46","4.960","4.790"
"2010/06/30","2.46","4.950","4.770"
"2010/07/01","2.46","4.920","4.720"
"2010/07/02","2.46","4.910","4.740"
"2010/07/05","2.46","4.920","4.770"
"2010/07/06","2.46","4.910","4.750"
"2010/07/07","2.46","4.930","4.810"
"2010/07/08","2.46","4.960","4.850"
"2010/07/09","2.63","4.940","4.850"
"2010/07/12","2.63","4.950","4.880"
"2010/07/13","2.63","4.940","4.880"
"2010/07/14","2.63","4.940","4.900"
"2010/07/15","2.63","4.910","4.870"
"2010/07/16","2.63","4.910","4.860"
"2010/07/19","2.63","4.910","4.850"
"2010/07/20","2.63","4.910","4.850"
"2010/07/21","2.63","4.910","4.810"
"2010/07/22","2.63","4.890","4.760"
"2010/07/23","2.63","4.900","4.780"
"2010/07/26","2.63","4.890","4.800"
"2010/07/27","2.63","4.870","4.790"
"2010/07/28","2.63","4.870","4.790"
"2010/07/29","2.63","4.840","4.750"
"2010/07/30","2.63","4.840","4.750"
"2010/08/02","2.63","4.860","4.780"
"2010/08/03","2.63","4.850","4.790"
"2010/08/04","2.63","4.820","4.770"
"2010/08/05","2.63","4.840","4.800"
"2010/08/06","2.63","4.850","4.820"
"2010/08/09","2.63","4.850","4.840"
"2010/08/10","2.63","4.840","4.830"
"2010/08/11","2.63","4.800","4.760"
"2010/08/12","2.63","4.760","4.700"
"2010/08/13","2.63","4.750","4.680"
"2010/08/16","2.63","4.750","4.690"
"2010/08/17","2.63","4.750","4.710"
"2010/08/18","2.63","4.700","4.650"
"2010/08/19","2.63","4.610","4.620"
"2010/08/20","2.63","4.520","4.580"
"2010/08/23","2.63","4.530","4.590"
"2010/08/24","2.63","4.540","4.550"
"2010/08/25","2.63","4.540","4.550"
"2010/08/26","2.63","4.470","4.530"
"2010/08/27","2.63","4.430","4.540"
"2010/08/30","2.63","4.440","4.550"
"2010/08/31","2.66","4.380","4.530"
"2010/09/01","2.66","4.420","4.600"
"2010/09/02","2.66","4.380","4.550"
"2010/09/03","2.66","4.430","4.590"
"2010/09/06","2.66","4.490","4.630"
"2010/09/07","2.66","4.430","4.580"
"2010/09/08","2.66","4.370","4.570"
"2010/09/09","2.66","4.210","4.320"
"2010/09/10","2.66","4.240","4.360"
"2010/09/13","2.66","4.240","4.370"
"2010/09/14","2.66","4.230","4.340"
"2010/09/15","2.66","4.240","4.370"
"2010/09/16","2.66","4.190","4.320"
"2010/09/17","2.66","4.250","4.360"
"2010/09/20","2.66","4.300","4.400"
"2010/09/24","2.66","4.250","4.330"
"2010/09/27","2.66","4.210","4.300"
"2010/09/28","2.66","4.200","4.290"
"2010/09/29","2.66","4.130","4.270"
"2010/09/30","2.66","4.110","4.260"
"2010/10/01","2.66","4.000","4.200"
"2010/10/04","2.66","4.010","4.240"
"2010/10/05","2.66","3.980","4.230"
"2010/10/06","2.66","4.000","4.250"
"2010/10/07","2.66","4.000","4.250"
"2010/10/08","2.66","3.990","4.220"
"2010/10/11","2.66","4.060","4.230"
"2010/10/12","2.67","4.040","4.200"
"2010/10/13","2.68","4.070","4.220"
"2010/10/14","2.67","3.910","4.040"
"2010/10/15","2.66","3.920","4.010"
"2010/10/18","2.66","3.970","4.020"
"2010/10/19","2.66","4.080","4.040"
"2010/10/20","2.66","4.140","4.080"
"2010/10/21","2.66","4.180","4.100"
"2010/10/22","2.66","4.220","4.050"
"2010/10/25","2.66","4.300","4.090"
"2010/10/26","2.66","4.330","4.050"
"2010/10/27","2.66","4.390","4.080"
"2010/10/28","2.66","4.260","4.010"
"2010/10/29","2.66","4.360","4.030"
"2010/11/01","2.66","4.390","4.120"
"2010/11/02","2.66","4.450","4.160"
"2010/11/03","2.66","4.440","4.180"
"2010/11/04","2.66","4.500","4.250"
"2010/11/05","2.66","4.530","4.350"
"2010/11/08","2.66","4.570","4.320"
"2010/11/09","2.66","4.580","4.340"
"2010/11/10","2.66","4.500","4.290"
"2010/11/11","2.66","4.520","4.270"
"2010/11/12","2.66","4.540","4.250"
"2010/11/15","2.66","4.570","4.260"
"2010/11/16","2.80","4.460","4.140"
"2010/11/17","2.80","4.440","4.150"
"2010/11/18","2.80","4.440","4.140"
"2010/11/19","2.80","4.480","4.130"
"2010/11/22","2.80","4.490","4.170"
"2010/11/23","2.80","4.560","4.210"
"2010/11/24","2.80","4.480","4.150"
"2010/11/25","2.80","4.430","4.120"
"2010/11/26","2.80","4.470","4.120"
"2010/11/29","2.80","4.420","4.050"
"2010/11/30","2.80","4.380","4.030"
"2010/12/01","2.80","4.360","4.050"
"2010/12/02","2.80","4.370","4.040"
"2010/12/03","2.80","4.360","4.010"
"2010/12/06","2.80","4.320","4.000"
"2010/12/07","2.80","4.310","4.010"
"2010/12/08","2.80","4.370","4.120"
"2010/12/09","2.80","4.380","4.120"
"2010/12/10","2.80","4.360","4.110"
"2010/12/13","2.80","4.470","4.190"
"2010/12/14","2.80","4.480","4.210"
"2010/12/15","2.80","4.580","4.320"
"2010/12/16","2.80","4.550","4.260"
"2010/12/17","2.80","4.570","4.270"
"2010/12/20","2.80","4.550","4.260"
"2010/12/21","2.80","4.490","4.170"
"2010/12/22","2.80","4.470","4.130"
"2010/12/23","2.80","4.470","4.150"
"2010/12/24","2.80","4.490","4.170"
"2010/12/27","2.80","4.510","4.240"
"2010/12/28","2.80","4.530","4.260"
"2010/12/29","2.80","4.530","4.260"
"2010/12/30","2.80","4.520","4.270"
"2010/12/31","2.80","4.520","4.270"
"2011/01/03","2.80","4.570","4.320"
"2011/01/04","2.80","4.590","4.320"
"2011/01/05","2.80","4.630","4.320"
"2011/01/06","2.80","4.700","4.390"
"2011/01/07","2.80","4.710","4.390"
"2011/01/10","2.80","4.720","4.380"
"2011/01/11","2.80","4.700","4.400"
"2011/01/12","2.80","4.650","4.350"
"2011/01/13","2.98","4.710","4.460"
"2011/01/14","2.98","4.690","4.510"
"2011/01/17","2.98","4.690","4.530"
"2011/01/18","2.98","4.670","4.490"
"2011/01/19","2.98","4.720","4.600"
"2011/01/20","3.00","4.710","4.620"
"2011/01/21","3.00","4.730","4.630"
"2011/01/24","3.01","4.760","4.680"
"2011/01/25","3.01","4.760","4.690"
"2011/01/26","3.01","4.730","4.670"
"2011/01/27","3.02","4.710","4.660"
"2011/01/28","3.03","4.710","4.670"
"2011/01/31","3.05","4.720","4.750"
"2011/02/01","3.05","4.720","4.760"
"2011/02/07","3.08","4.800","4.860"
"2011/02/08","3.09","4.810","4.820"
"2011/02/09","3.09","4.820","4.770"
"2011/02/10","3.11","4.790","4.740"
"2011/02/11","3.12","4.810","4.730"
"2011/02/14","3.13","4.830","4.750"
"2011/02/15","3.13","4.820","4.730"
"2011/02/16","3.14","4.820","4.710"
"2011/02/17","3.15","4.820","4.740"
"2011/02/18","3.15","4.800","4.730"
"2011/02/21","3.15","4.760","4.740"
"2011/02/22","3.15","4.680","4.670"
"2011/02/23","3.15","4.710","4.670"
"2011/02/24","3.16","4.670","4.600"
"2011/02/25","3.16","4.660","4.630"
"2011/02/28","3.17","4.670","4.630"
"2011/03/02","3.17","4.680","4.630"
"2011/03/03","3.23","4.710","4.710"
"2011/03/04","3.27","4.710","4.720"
"2011/03/07","3.29","4.700","4.710"
"2011/03/08","3.30","4.680","4.680"
"2011/03/09","3.30","4.630","4.630"
"2011/03/10","3.39","4.490","4.520"
"2011/03/11","3.39","4.440","4.500"
"2011/03/14","3.39","4.350","4.450"
"2011/03/15","3.39","4.270","4.400"
"2011/03/16","3.39","4.370","4.460"
"2011/03/17","3.39","4.410","4.480"
"2011/03/18","3.39","4.460","4.480"
"2011/03/21","3.39","4.500","4.520"
"2011/03/22","3.39","4.500","4.500"
"2011/03/23","3.39","4.490","4.460"
"2011/03/24","3.39","4.470","4.460"
"2011/03/25","3.39","4.480","4.490"
"2011/03/28","3.39","4.470","4.500"
"2011/03/29","3.39","4.470","4.490"
"2011/03/30","3.39","4.490","4.520"
"2011/03/31","3.39","4.480","4.510"
"2011/04/01","3.39","4.460","4.470"
"2011/04/04","3.39","4.450","4.470"
"2011/04/05","3.39","4.440","4.480"
"2011/04/06","3.39","4.460","4.490"
"2011/04/07","3.39","4.450","4.480"
"2011/04/08","3.39","4.480","4.550"
"2011/04/11","3.40","4.490","4.560"
"2011/04/12","3.40","4.490","4.510"
"2011/04/13","3.40","4.500","4.520"
"2011/04/14","3.40","4.500","4.520"
"2011/04/15","3.40","4.490","4.520"
"2011/04/18","3.40","4.450","4.510"
"2011/04/19","3.40","4.440","4.510"
"2011/04/20","3.40","4.450","4.540"
"2011/04/21","3.40","4.480","4.570"
"2011/04/22","3.41","4.500","4.590"
"2011/04/25","3.41","4.520","4.620"
"2011/04/26","3.42","4.530","4.610"
"2011/04/27","3.42","4.540","4.610"
"2011/04/28","3.42","4.520","4.580"
"2011/04/29","3.42","4.480","4.560"
"2011/05/02","3.43","4.470","4.560"
"2011/05/03","3.46","4.470","4.560"
"2011/05/04","3.46","4.470","4.560"
"2011/05/06","3.46","4.430","4.520"
"2011/05/09","3.46","4.440","4.520"
"2011/05/11","3.46","4.410","4.500"
"2011/05/12","3.46","4.340","4.460"
"2011/05/13","3.46","4.370","4.450"
"2011/05/16","3.46","4.350","4.410"
"2011/05/17","3.46","4.340","4.430"
"2011/05/18","3.46","4.330","4.430"
"2011/05/19","3.46","4.330","4.430"
"2011/05/20","3.46","4.330","4.430"
"2011/05/23","3.46","4.270","4.390"
"2011/05/24","3.46","4.260","4.390"
"2011/05/25","3.46","4.220","4.380"
"2011/05/26","3.46","4.260","4.410"
"2011/05/27","3.46","4.240","4.400"
"2011/05/30","3.46","4.210","4.330"
"2011/05/31","3.46","4.230","4.330"
"2011/06/01","3.46","4.280","4.380"
"2011/06/02","3.46","4.210","4.320"
"2011/06/03","3.46","4.210","4.320"
"2011/06/07","3.46","4.200","4.290"
"2011/06/08","3.46","4.190","4.290"
"2011/06/09","3.46","4.220","4.320"
"2011/06/10","3.56","4.250","4.390"
"2011/06/13","3.56","4.250","4.400"
"2011/06/14","3.56","4.270","4.430"
"2011/06/15","3.56","4.270","4.420"
"2011/06/16","3.56","4.200","4.360"
"2011/06/17","3.56","4.240","4.420"
"2011/06/20","3.56","4.240","4.410"
"2011/06/21","3.56","4.250","4.420"
"2011/06/22","3.56","4.240","4.420"
"2011/06/23","3.56","4.230","4.420"
"2011/06/24","3.56","4.260","4.450"
"2011/06/27","3.56","4.250","4.460"
"2011/06/28","3.57","4.260","4.460"
"2011/06/29","3.57","4.290","4.500"
"2011/06/30","3.57","4.290","4.490"
"2011/07/01","3.57","4.330","4.500"
"2011/07/04","3.57","4.330","4.510"
"2011/07/05","3.58","4.290","4.490"
"2011/07/06","3.58","4.310","4.510"
"2011/07/07","3.59","4.310","4.510"
"2011/07/08","3.59","4.340","4.560"
"2011/07/11","3.59","4.310","4.520"
"2011/07/12","3.59","4.200","4.420"
"2011/07/13","3.59","4.180","4.420"
"2011/07/14","3.59","4.190","4.420"
"2011/07/15","3.59","4.170","4.400"
"2011/07/18","3.59","4.150","4.400"
"2011/07/19","3.59","4.150","4.410"
"2011/07/20","3.59","4.170","4.440"
"2011/07/21","3.59","4.170","4.440"
"2011/07/22","3.59","4.180","4.480"
"2011/07/25","3.59","4.190","4.510"
"2011/07/26","3.59","4.230","4.530"
"2011/07/27","3.59","4.230","4.520"
"2011/07/28","3.59","4.190","4.500"
"2011/07/29","3.59","4.200","4.540"
"2011/08/01","3.59","4.240","4.590"
"2011/08/02","3.59","4.210","4.560"
"2011/08/03","3.59","4.150","4.510"
"2011/08/04","3.59","4.120","4.460"
"2011/08/05","3.59","4.010","4.320"
"2011/08/08","3.59","4.060","4.310"
"2011/08/09","3.59","4.080","4.290"
"2011/08/10","3.59","3.940","4.180"
"2011/08/11","3.59","3.920","4.240"
"2011/08/12","3.59","3.900","4.220"
"2011/08/16","3.59","3.920","4.230"
"2011/08/17","3.59","3.940","4.270"
"2011/08/18","3.59","3.930","4.290"
"2011/08/19","3.59","3.840","4.220"
"2011/08/22","3.59","3.860","4.220"
"2011/08/23","3.59","3.890","4.250"
"2011/08/24","3.59","3.840","4.190"
"2011/08/25","3.59","3.840","4.190"
"2011/08/26","3.59","3.870","4.210"
"2011/08/29","3.59","3.880","4.240"
"2011/08/30","3.59","3.840","4.220"
"2011/08/31","3.59","3.860","4.230"
"2011/09/01","3.59","3.810","4.200"
"2011/09/02","3.59","3.790","4.200"
"2011/09/05","3.58","3.630","4.130"
"2011/09/06","3.58","3.630","4.130"
"2011/09/07","3.58","3.700","4.240"
"2011/09/08","3.58","3.640","4.180"
"2011/09/09","3.58","3.600","4.150"
"2011/09/14","3.58","3.550","4.100"
"2011/09/15","3.58","3.620","4.170"
"2011/09/16","3.58","3.680","4.200"
"2011/09/19","3.58","3.790","4.310"
"2011/09/20","3.58","3.820","4.290"
"2011/09/21","3.58","3.860","4.300"
"2011/09/22","3.58","3.820","4.290"
"2011/09/23","3.58","3.760","4.250"
"2011/09/26","3.58","3.840","4.310"
"2011/09/27","3.58","3.810","4.270"
"2011/09/28","3.58","3.880","4.340"
"2011/09/29","3.58","3.900","4.360"
"2011/09/30","3.58","3.950","4.360"
"2011/10/04","3.58","3.800","4.280"
"2011/10/05","3.58","3.780","4.260"
"2011/10/06","3.58","3.810","4.250"
"2011/10/07","3.58","3.830","4.250"
"2011/10/10","3.58","3.850","4.300"
"2011/10/11","3.58","3.860","4.300"
"2011/10/12","3.58","3.810","4.240"
"2011/10/13","3.58","3.780","4.220"
"2011/10/14","3.58","3.770","4.230"
"2011/10/17","3.58","3.840","4.280"
"2011/10/18","3.57","3.840","4.270"
"2011/10/19","3.57","3.850","4.270"
"2011/10/20","3.57","3.850","4.260"
"2011/10/21","3.57","3.900","4.310"
"2011/10/24","3.57","3.940","4.360"
"2011/10/25","3.57","3.940","4.360"
"2011/10/26","3.57","3.920","4.330"
"2011/10/27","3.57","3.930","4.360"
"2011/10/28","3.57","3.930","4.380"
"2011/10/31","3.57","3.870","4.350"
"2011/11/01","3.57","3.850","4.320"
"2011/11/02","3.57","3.840","4.310"
"2011/11/03","3.57","3.810","4.270"
"2011/11/04","3.57","3.830","4.270"
"2011/11/07","3.57","3.830","4.250"
"2011/11/08","3.57","3.790","4.240"
"2011/11/09","3.57","3.780","4.230"
"2011/11/10","3.57","3.760","4.180"
"2011/11/11","3.57","3.790","4.230"
"2011/11/14","3.57","3.840","4.250"
"2011/11/15","3.57","3.810","4.220"
"2011/11/16","3.57","3.790","4.200"
"2011/11/17","3.55","3.820","4.230"
"2011/11/18","3.55","3.810","4.210"
"2011/11/21","3.55","3.800","4.220"
"2011/11/22","3.55","3.790","4.240"
"2011/11/23","3.55","3.760","4.210"
"2011/11/24","3.55","3.760","4.230"
"2011/11/25","3.55","3.800","4.260"
"2011/11/28","3.55","3.810","4.280"
"2011/11/29","3.55","3.820","4.270"
"2011/11/30","3.55","3.770","4.220"
"2011/12/01","3.55","3.800","4.230"
"2011/12/02","3.55","3.790","4.230"
"2011/12/05","3.55","3.790","4.230"
"2011/12/06","3.55","3.790","4.230"
"2011/12/07","3.55","3.790","4.220"
"2011/12/08","3.55","3.790","4.240"
"2011/12/09","3.55","3.790","4.240"
"2011/12/12","3.55","3.810","4.250"
"2011/12/13","3.55","3.800","4.240"
"2011/12/14","3.55","3.790","4.230"
"2011/12/15","3.55","3.780","4.220"
"2011/12/16","3.55","3.790","4.220"
"2011/12/19","3.55","3.880","4.310"
"2011/12/20","3.55","3.830","4.270"
"2011/12/21","3.55","3.830","4.250"
"2011/12/22","3.55","3.830","4.250"
"2011/12/23","3.55","3.840","4.260"
"2011/12/26","3.55","3.850","4.270"
"2011/12/27","3.55","3.850","4.270"
"2011/12/28","3.55","3.850","4.270"
"2011/12/29","3.55","3.790","4.210"
"2011/12/30","3.55","3.790","4.210"
"2012/01/02","3.56","3.790","4.210"
"2012/01/03","3.56","3.800","4.220"
"2012/01/04","3.56","3.800","4.220"
"2012/01/05","3.56","3.790","4.210"
"2012/01/06","3.56","3.790","4.220"
"2012/01/09","3.56","3.790","4.250"
"2012/01/10","3.56","3.790","4.250"
"2012/01/11","3.56","3.790","4.250"
"2012/01/12","3.56","3.790","4.250"
"2012/01/13","3.56","3.790","4.240"
"2012/01/16","3.56","3.790","4.220"
"2012/01/17","3.56","3.810","4.240"
"2012/01/18","3.55","3.800","4.240"
"2012/01/19","3.54","3.790","4.250"
"2012/01/20","3.54","3.820","4.270"
"2012/01/25","3.54","3.820","4.290"
"2012/01/26","3.54","3.820","4.270"
"2012/01/27","3.54","3.800","4.250"
"2012/01/30","3.54","3.770","4.230"
"2012/01/31","3.54","3.770","4.240"
"2012/02/01","3.54","3.760","4.230"
"2012/02/02","3.54","3.770","4.240"
"2012/02/03","3.53","3.770","4.240"
"2012/02/06","3.53","3.780","4.250"
"2012/02/07","3.53","3.800","4.240"
"2012/02/08","3.53","3.820","4.260"
"2012/02/09","3.52","3.820","4.260"
"2012/02/10","3.52","3.810","4.250"
"2012/02/13","3.52","3.830","4.270"
"2012/02/14","3.52","3.820","4.250"
"2012/02/15","3.52","3.830","4.260"
"2012/02/16","3.52","3.810","4.240"
"2012/02/17","3.52","3.830","4.250"
"2012/02/20","3.52","3.850","4.270"
"2012/02/21","3.52","3.850","4.270"
"2012/02/22","3.52","3.850","4.270"
"2012/02/23","3.52","3.830","4.250"
"2012/02/24","3.52","3.830","4.260"
"2012/02/27","3.52","3.820","4.250"
"2012/02/28","3.53","3.800","4.230"
"2012/02/29","3.54","3.820","4.260"
"2012/03/02","3.54","3.850","4.290"
"2012/03/05","3.54","3.880","4.320"
"2012/03/06","3.54","3.880","4.310"
"2012/03/07","3.54","3.900","4.310"
"2012/03/08","3.54","3.870","4.290"
"2012/03/09","3.54","3.870","4.300"
"2012/03/12","3.54","3.850","4.280"
"2012/03/13","3.54","3.850","4.280"
"2012/03/14","3.54","3.890","4.320"
"2012/03/15","3.54","3.950","4.370"
"2012/03/16","3.54","3.970","4.390"
"2012/03/19","3.54","4.010","4.410"
"2012/03/20","3.54","4.010","4.400"
"2012/03/21","3.54","4.050","4.430"
"2012/03/22","3.54","4.070","4.430"
"2012/03/23","3.54","4.070","4.440"
"2012/03/26","3.55","4.040","4.420"
"2012/03/27","3.55","4.040","4.430"
"2012/03/28","3.55","4.000","4.390"
"2012/03/29","3.55","3.990","4.370"
"2012/03/30","3.55","3.960","4.350"
"2012/04/02","3.55","3.990","4.380"
"2012/04/03","3.55","3.960","4.360"
"2012/04/04","3.55","3.970","4.350"
"2012/04/05","3.55","3.980","4.340"
"2012/04/06","3.55","3.950","4.310"
"2012/04/09","3.54","3.910","4.270"
"2012/04/10","3.54","3.910","4.270"
"2012/04/12","3.54","3.910","4.270"
"2012/04/13","3.54","3.900","4.260"
"2012/04/16","3.54","3.880","4.230"
"2012/04/17","3.54","3.870","4.220"
"2012/04/18","3.54","3.880","4.230"
"2012/04/19","3.54","3.880","4.220"
"2012/04/20","3.54","3.850","4.200"
"2012/04/23","3.54","3.860","4.200"
"2012/04/24","3.54","3.860","4.200"
"2012/04/25","3.54","3.880","4.210"
"2012/04/26","3.54","3.870","4.200"
"2012/04/27","3.54","3.830","4.160"
"2012/04/30","3.54","3.810","4.140"
"2012/05/02","3.54","3.820","4.140"
"2012/05/03","3.54","3.800","4.110"
"2012/05/04","3.54","3.790","4.090"
"2012/05/07","3.54","3.750","4.040"
"2012/05/08","3.54","3.770","4.050"
"2012/05/09","3.54","3.760","4.030"
"2012/05/10","3.54","3.790","4.040"
"2012/05/11","3.54","3.750","4.000"
"2012/05/14","3.54","3.750","4.010"
"2012/05/15","3.54","3.740","4.000"
"2012/05/16","3.54","3.730","3.990"
"2012/05/17","3.54","3.740","4.000"
"2012/05/18","3.54","3.710","3.970"
"2012/05/21","3.54","3.740","3.980"
"2012/05/22","3.54","3.740","3.970"
"2012/05/23","3.54","3.730","3.960"
"2012/05/24","3.54","3.730","3.950"
"2012/05/25","3.54","3.730","3.950"
"2012/05/29","3.54","3.740","3.960"
"2012/05/30","3.54","3.730","3.950"
"2012/05/31","3.54","3.690","3.920"
"2012/06/01","3.54","3.640","3.900"
"2012/06/04","3.54","3.570","3.860"
"2012/06/05","3.54","3.620","3.880"
"2012/06/07","3.54","3.650","3.890"
"2012/06/08","3.54","3.570","3.840"
"2012/06/11","3.54","3.660","3.910"
"2012/06/12","3.54","3.620","3.870"
"2012/06/13","3.54","3.640","3.880"
"2012/06/14","3.54","3.640","3.860"
"2012/06/15","3.54","3.640","3.850"
"2012/06/18","3.54","3.670","3.880"
"2012/06/19","3.54","3.650","3.860"
"2012/06/20","3.54","3.670","3.880"
"2012/06/21","3.54","3.660","3.880"
"2012/06/22","3.54","3.640","3.860"
"2012/06/25","3.54","3.630","3.860"
"2012/06/26","3.54","3.630","3.860"
"2012/06/27","3.54","3.610","3.840"
"2012/06/28","3.54","3.580","3.840"
"2012/06/29","3.54","3.620","3.870"
"2012/07/02","3.54","3.610","3.870"
"2012/07/03","3.54","3.580","3.860"
"2012/07/04","3.54","3.570","3.850"
"2012/07/05","3.54","3.560","3.840"
"2012/07/06","3.54","3.540","3.800"
"2012/07/09","3.54","3.520","3.780"
"2012/07/10","3.54","3.530","3.790"
"2012/07/11","3.54","3.510","3.770"
"2012/07/12","3.27","3.290","3.560"
"2012/07/13","3.25","3.270","3.540"
"2012/07/16","3.25","3.240","3.540"
"2012/07/17","3.24","3.200","3.510"
"2012/07/18","3.23","3.160","3.480"
"2012/07/19","3.22","3.180","3.500"
"2012/07/20","3.21","3.150","3.470"
"2012/07/23","3.20","3.060","3.410"
"2012/07/24","3.20","3.070","3.430"
"2012/07/25","3.19","3.010","3.370"
"2012/07/26","3.19","3.040","3.400"
"2012/07/27","3.20","3.130","3.450"
"2012/07/30","3.20","3.130","3.440"
"2012/07/31","3.20","3.140","3.440"
"2012/08/01","3.20","3.140","3.420"
"2012/08/02","3.20","3.100","3.380"
"2012/08/03","3.20","3.030","3.350"
"2012/08/06","3.20","3.030","3.360"
"2012/08/07","3.20","3.030","3.360"
"2012/08/08","3.20","3.010","3.350"
"2012/08/09","3.20","3.060","3.410"
"2012/08/10","3.20","3.040","3.380"
"2012/08/13","3.20","3.060","3.410"
"2012/08/14","3.20","3.110","3.460"
"2012/08/16","3.21","3.210","3.540"
"2012/08/17","3.21","3.190","3.520"
"2012/08/20","3.21","3.210","3.540"
"2012/08/21","3.20","3.160","3.470"
"2012/08/22","3.19","3.160","3.470"
"2012/08/23","3.19","3.120","3.430"
"2012/08/24","3.19","3.080","3.370"
"2012/08/27","3.19","3.060","3.340"
"2012/08/28","3.18","3.060","3.330"
"2012/08/29","3.18","3.030","3.300"
"2012/08/30","3.17","3.030","3.290"
"2012/08/31","3.16","3.020","3.270"
"2012/09/03","3.16","3.000","3.250"
"2012/09/04","3.16","3.020","3.270"
"2012/09/05","3.16","2.980","3.240"
"2012/09/06","3.16","2.990","3.250"
"2012/09/07","3.16","3.060","3.320"
"2012/09/10","3.15","3.040","3.300"
"2012/09/11","3.15","3.010","3.270"
"2012/09/12","3.15","3.020","3.290"
"2012/09/13","3.15","3.070","3.370"
"2012/09/14","3.15","3.080","3.360"
"2012/09/17","3.15","3.130","3.400"
"2012/09/18","3.14","3.090","3.360"
"2012/09/19","3.13","3.120","3.380"
"2012/09/20","3.12","3.050","3.320"
"2012/09/21","3.12","3.070","3.340"
"2012/09/24","3.12","3.050","3.320"
"2012/09/25","3.11","3.040","3.310"
"2012/09/26","3.10","3.030","3.300"
"2012/09/27","3.10","3.050","3.320"
"2012/09/28","3.09","3.020","3.300"
"2012/10/02","3.09","2.970","3.270"
"2012/10/04","3.09","2.950","3.260"
"2012/10/05","3.09","2.950","3.270"
"2012/10/08","3.08","2.960","3.280"
"2012/10/09","3.08","2.960","3.280"
"2012/10/10","3.08","2.910","3.230"
"2012/10/11","2.90","2.920","3.260"
"2012/10/12","2.87","2.950","3.280"
"2012/10/15","2.87","2.940","3.270"
"2012/10/16","2.87","2.960","3.290"
"2012/10/17","2.87","2.980","3.320"
"2012/10/18","2.87","3.020","3.350"
"2012/10/19","2.87","3.020","3.330"
"2012/10/22","2.87","3.040","3.360"
"2012/10/23","2.86","3.020","3.330"
"2012/10/24","2.86","3.010","3.320"
"2012/10/25","2.85","3.010","3.320"
"2012/10/26","2.85","2.980","3.290"
"2012/10/29","2.85","2.980","3.300"
"2012/10/30","2.85","2.980","3.300"
"2012/10/31","2.85","2.960","3.290"
"2012/11/01","2.85","2.960","3.290"
"2012/11/02","2.85","2.970","3.300"
"2012/11/05","2.85","2.990","3.320"
"2012/11/06","2.85","2.990","3.300"
"2012/11/07","2.85","2.990","3.300"
"2012/11/08","2.85","2.960","3.280"
"2012/11/09","2.85","2.980","3.310"
"2012/11/12","2.85","2.980","3.310"
"2012/11/13","2.85","2.960","3.300"
"2012/11/14","2.85","2.970","3.310"
"2012/11/15","2.85","2.970","3.310"
"2012/11/16","2.85","2.960","3.300"
"2012/11/19","2.85","2.980","3.320"
"2012/11/20","2.85","2.990","3.330"
"2012/11/21","2.85","2.990","3.330"
"2012/11/22","2.85","3.010","3.350"
"2012/11/23","2.85","3.030","3.370"
"2012/11/26","2.85","3.020","3.350"
"2012/11/27","2.85","3.040","3.370"
"2012/11/28","2.85","3.020","3.360"
"2012/11/29","2.85","3.020","3.360"
"2012/11/30","2.85","3.030","3.370"
"2012/12/03","2.85","3.030","3.360"
"2012/12/04","2.85","3.040","3.310"
"2012/12/05","2.85","3.080","3.320"
"2012/12/06","2.85","3.070","3.280"
"2012/12/07","2.87","3.060","3.250"
"2012/12/10","2.88","3.090","3.270"
"2012/12/11","2.88","3.090","3.270"
"2012/12/12","2.89","3.100","3.270"
"2012/12/13","2.89","3.140","3.300"
"2012/12/14","2.89","3.150","3.310"
"2012/12/17","2.89","3.160","3.310"
"2012/12/18","2.89","3.190","3.330"
"2012/12/20","2.89","3.200","3.320"
"2012/12/21","2.89","3.180","3.300"
"2012/12/24","2.89","3.210","3.320"
"2012/12/26","2.89","3.240","3.330"
"2012/12/27","2.89","3.210","3.310"
"2012/12/28","2.89","3.160","3.290"
"2012/12/31","2.89","3.160","3.290"
"2013/01/02","2.89","3.190","3.300"
"2013/01/03","2.88","3.130","3.250"
"2013/01/04","2.88","3.130","3.230"
"2013/01/07","2.87","3.100","3.250"
"2013/01/08","2.87","3.050","3.230"
"2013/01/09","2.87","3.050","3.230"
"2013/01/10","2.87","3.020","3.190"
"2013/01/11","2.85","3.050","3.250"
"2013/01/14","2.85","3.040","3.250"
"2013/01/15","2.85","3.010","3.210"
"2013/01/16","2.85","3.020","3.210"
"2013/01/17","2.85","3.000","3.190"
"2013/01/18","2.85","3.020","3.200"
"2013/01/21","2.85","3.020","3.190"
"2013/01/22","2.85","3.020","3.170"
"2013/01/23","2.85","3.010","3.150"
"2013/01/24","2.84","3.000","3.130"
"2013/01/25","2.84","2.990","3.120"
"2013/01/28","2.84","3.030","3.130"
"2013/01/29","2.84","3.040","3.130"
"2013/01/30","2.84","3.100","3.150"
"2013/01/31","2.84","3.100","3.130"
"2013/02/01","2.84","3.120","3.130"
"2013/02/04","2.84","3.110","3.120"
"2013/02/05","2.84","3.080","3.110"
"2013/02/06","2.84","3.070","3.080"
"2013/02/07","2.84","3.060","3.080"
"2013/02/08","2.84","3.060","3.070"
"2013/02/12","2.84","3.040","3.060"
"2013/02/13","2.84","3.080","3.080"
"2013/02/14","2.83","3.090","3.080"
"2013/02/15","2.83","3.080","3.070"
"2013/02/18","2.83","3.060","3.060"
"2013/02/19","2.83","3.030","3.030"
"2013/02/20","2.83","3.040","3.050"
"2013/02/21","2.83","3.020","3.020"
"2013/02/22","2.83","3.020","3.030"
"2013/02/25","2.83","3.020","3.030"
"2013/02/26","2.82","2.980","3.000"
"2013/02/27","2.82","2.930","2.980"
"2013/02/28","2.82","2.940","2.990"
"2013/03/04","2.82","2.940","2.980"
"2013/03/05","2.82","2.930","2.970"
"2013/03/06","2.82","2.960","2.990"
"2013/03/07","2.82","2.990","3.010"
"2013/03/08","2.82","2.990","3.010"
"2013/03/11","2.82","3.000","3.010"
"2013/03/12","2.81","2.950","2.960"
"2013/03/13","2.81","2.960","2.960"
"2013/03/14","2.81","2.950","2.960"
"2013/03/15","2.81","2.930","2.950"
"2013/03/18","2.81","2.900","2.930"
"2013/03/19","2.81","2.880","2.930"
"2013/03/20","2.81","2.900","2.940"
"2013/03/21","2.81","2.890","2.940"
"2013/03/22","2.81","2.870","2.920"
"2013/03/25","2.81","2.880","2.920"
"2013/03/26","2.81","2.880","2.920"
"2013/03/27","2.81","2.860","2.920"
"2013/03/28","2.81","2.730","2.800"
"2013/03/29","2.81","2.800","2.880"
"2013/04/01","2.81","2.810","2.850"
"2013/04/02","2.81","2.800","2.840"
"2013/04/03","2.80","2.780","2.840"
"2013/04/04","2.80","2.790","2.850"
"2013/04/05","2.80","2.760","2.810"
"2013/04/08","2.80","2.770","2.840"
"2013/04/09","2.80","2.790","2.860"
"2013/04/10","2.80","2.790","2.850"
"2013/04/11","2.79","2.910","3.000"
"2013/04/12","2.79","2.960","3.030"
"2013/04/15","2.79","2.970","3.020"
"2013/04/16","2.79","2.900","2.960"
"2013/04/17","2.79","2.900","2.960"
"2013/04/18","2.79","2.860","2.930"
"2013/04/19","2.79","2.870","2.950"
"2013/04/22","2.79","2.870","2.960"
"2013/04/23","2.79","2.850","2.950"
"2013/04/24","2.79","2.850","2.960"
"2013/04/25","2.78","2.820","2.910"
"2013/04/26","2.79","2.800","2.870"
"2013/04/29","2.80","2.810","2.880"
"2013/04/30","2.81","2.770","2.850"
"2013/05/02","2.81","2.730","2.810"
"2013/05/03","2.81","2.740","2.830"
"2013/05/06","2.81","2.810","2.920"
"2013/05/07","2.81","2.800","2.900"
"2013/05/08","2.81","2.820","2.910"
"2013/05/09","2.69","2.840","2.910"
"2013/05/10","2.69","2.870","2.920"
"2013/05/13","2.69","2.890","2.930"
"2013/05/14","2.69","2.870","2.920"
"2013/05/15","2.69","2.880","2.920"
"2013/05/16","2.69","2.890","2.930"
"2013/05/20","2.69","2.920","2.970"
"2013/05/21","2.69","2.920","2.970"
"2013/05/22","2.69","2.930","2.980"
"2013/05/23","2.69","2.930","2.980"
"2013/05/24","2.69","2.940","2.990"
"2013/05/27","2.69","2.920","2.980"
"2013/05/28","2.69","2.940","3.010"
"2013/05/29","2.69","3.040","3.120"
"2013/05/30","2.69","3.050","3.110"
"2013/05/31","2.69","3.120","3.140"
"2013/06/03","2.69","3.120","3.130"
"2013/06/04","2.69","3.130","3.140"
"2013/06/05","2.69","3.160","3.170"
"2013/06/07","2.69","3.130","3.120"
"2013/06/10","2.69","3.150","3.150"
"2013/06/11","2.69","3.200","3.170"
"2013/06/12","2.69","3.310","3.240"
"2013/06/13","2.69","3.250","3.190"
"2013/06/14","2.69","3.190","3.130"
"2013/06/17","2.69","3.270","3.180"
"2013/06/18","2.69","3.210","3.130"
"2013/06/19","2.69","3.240","3.180"
"2013/06/20","2.69","3.410","3.320"
"2013/06/21","2.70","3.580","3.400"
"2013/06/24","2.69","3.680","3.480"
"2013/06/25","2.69","3.580","3.380"
"2013/06/26","2.69","3.500","3.360"
"2013/06/27","2.69","3.440","3.370"
"2013/06/28","2.69","3.400","3.310"
"2013/07/01","2.69","3.510","3.440"
"2013/07/02","2.69","3.420","3.390"
"2013/07/03","2.69","3.450","3.400"
"2013/07/04","2.69","3.460","3.390"
"2013/07/05","2.69","3.500","3.410"
"2013/07/08","2.69","3.610","3.460"
"2013/07/09","2.69","3.600","3.450"
"2013/07/10","2.69","3.530","3.400"
"2013/07/11","2.69","3.370","3.300"
"2013/07/12","2.69","3.380","3.330"
"2013/07/15","2.69","3.450","3.360"
"2013/07/16","2.69","3.440","3.360"
"2013/07/17","2.69","3.470","3.370"
"2013/07/18","2.69","3.410","3.330"
"2013/07/19","2.67","3.420","3.330"
"2013/07/22","2.67","3.410","3.340"
"2013/07/23","2.67","3.410","3.360"
"2013/07/24","2.66","3.430","3.370"
"2013/07/25","2.66","3.520","3.410"
"2013/07/26","2.66","3.510","3.390"
"2013/07/29","2.66","3.460","3.340"
"2013/07/30","2.66","3.470","3.350"
"2013/07/31","2.66","3.490","3.360"
"2013/08/01","2.66","3.490","3.350"
"2013/08/02","2.66","3.580","3.390"
"2013/08/05","2.66","3.510","3.340"
"2013/08/06","2.66","3.520","3.340"
"2013/08/07","2.66","3.590","3.360"
"2013/08/08","2.66","3.580","3.330"
"2013/08/09","2.66","3.580","3.310"
"2013/08/12","2.66","3.540","3.300"
"2013/08/13","2.66","3.570","3.320"
"2013/08/14","2.66","3.660","3.360"
"2013/08/16","2.66","3.670","3.350"
"2013/08/19","2.66","3.740","3.370"
"2013/08/20","2.66","3.640","3.320"
"2013/08/21","2.66","3.660","3.340"
"2013/08/22","2.66","3.730","3.360"
"2013/08/23","2.66","3.720","3.330"
"2013/08/26","2.66","3.670","3.310"
"2013/08/27","2.66","3.660","3.310"
"2013/08/28","2.66","3.610","3.300"
"2013/08/29","2.66","3.580","3.280"
"2013/08/30","2.66","3.530","3.250"
"2013/09/02","2.66","3.590","3.290"
"2013/09/03","2.66","3.600","3.300"
"2013/09/04","2.66","3.630","3.310"
"2013/09/05","2.66","3.700","3.370"
"2013/09/06","2.66","3.690","3.370"
"2013/09/09","2.66","3.590","3.330"
"2013/09/10","2.66","3.620","3.360"
"2013/09/11","2.66","3.550","3.330"
"2013/09/12","2.66","3.530","3.310"
"2013/09/13","2.66","3.570","3.330"
"2013/09/16","2.66","3.500","3.270"
"2013/09/17","2.66","3.470","3.250"
"2013/09/23","2.66","3.400","3.210"
"2013/09/24","2.66","3.390","3.230"
"2013/09/25","2.66","3.400","3.250"
"2013/09/26","2.66","3.460","3.270"
"2013/09/27","2.66","3.440","3.250"
"2013/09/30","2.66","3.420","3.240"
"2013/10/01","2.66","3.450","3.260"
"2013/10/02","2.66","3.410","3.240"
"2013/10/04","2.66","3.400","3.240"
"2013/10/07","2.66","3.420","3.250"
"2013/10/08","2.66","3.460","3.260"
"2013/10/10","2.66","3.510","3.280"
"2013/10/11","2.66","3.500","3.270"
"2013/10/14","2.66","3.540","3.290"
"2013/10/15","2.66","3.530","3.290"
"2013/10/16","2.66","3.510","3.280"
"2013/10/17","2.66","3.490","3.260"
"2013/10/18","2.66","3.440","3.240"
"2013/10/21","2.66","3.450","3.260"
"2013/10/22","2.66","3.440","3.250"
"2013/10/23","2.66","3.350","3.210"
"2013/10/24","2.66","3.370","3.220"
"2013/10/25","2.66","3.360","3.220"
"2013/10/28","2.66","3.420","3.248"
"2013/10/29","2.65","3.385","3.227"
"2013/10/30","2.65","3.357","3.219"
"2013/10/31","2.65","3.398","3.244"
"2013/11/01","2.65","3.450","3.270"
"2013/11/04","2.65","3.476","3.295"
"2013/11/05","2.65","3.513","3.319"
"2013/11/06","2.65","3.497","3.319"
"2013/11/07","2.65","3.512","3.331"
"2013/11/08","2.65","3.492","3.318"
"2013/11/11","2.65","3.580","3.387"
"2013/11/12","2.65","3.593","3.393"
"2013/11/13","2.65","3.560","3.374"
"2013/11/14","2.65","3.574","3.372"
"2013/11/15","2.65","3.593","3.372"
"2013/11/18","2.65","3.588","3.368"
"2013/11/19","2.65","3.636","3.386"
"2013/11/20","2.65","3.637","3.388"
"2013/11/21","2.65","3.678","3.406"
"2013/11/22","2.65","3.638","3.376"
"2013/11/25","2.65","3.653","3.394"
"2013/11/26","2.65","3.634","3.384"
"2013/11/27","2.65","3.635","3.392"
"2013/11/28","2.65","3.653","3.406"
"2013/11/29","2.65","3.672","3.427"
"2013/12/02","2.65","3.729","3.454"
"2013/12/03","2.65","3.726","3.452"
"2013/12/04","2.65","3.726","3.437"
"2013/12/05","2.65","3.755","3.438"
"2013/12/06","2.65","3.728","3.427"
"2013/12/09","2.65","3.683","3.400"
"2013/12/10","2.65","3.690","3.401"
"2013/12/11","2.65","3.716","3.418"
"2013/12/12","2.65","3.713","3.416"
"2013/12/13","2.65","3.681","3.372"
"2013/12/16","2.65","3.631","3.332"
"2013/12/17","2.65","3.605","3.300"
"2013/12/18","2.65","3.623","3.324"
"2013/12/19","2.65","3.633","3.321"
"2013/12/20","2.65","3.626","3.307"
"2013/12/23","2.65","3.580","3.306"
"2013/12/24","2.65","3.568","3.310"
"2013/12/26","2.65","3.574","3.309"
"2013/12/27","2.65","3.550","3.261"
"2013/12/30","2.66","3.583","3.286"
"2013/12/31","2.66","3.583","3.286"
"2014/01/02","2.66","3.678","3.339"
"2014/01/03","2.66","3.700","3.346"
"2014/01/06","2.66","3.648","3.288"
"2014/01/07","2.66","3.650","3.288"
"2014/01/08","2.66","3.645","3.282"
"2014/01/09","2.65","3.674","3.322"
"2014/01/10","2.65","3.650","3.342"
"2014/01/13","2.65","3.622","3.321"
"2014/01/14","2.65","3.644","3.338"
"2014/01/15","2.65","3.666","3.339"
"2014/01/16","2.65","3.648","3.320"
"2014/01/17","2.65","3.650","3.322"
"2014/01/20","2.65","3.650","3.331"
"2014/01/21","2.65","3.662","3.335"
"2014/01/22","2.65","3.683","3.345"
"2014/01/23","2.65","3.656","3.328"
"2014/01/24","2.65","3.587","3.288"
"2014/01/27","2.65","3.605","3.310"
"2014/01/28","2.65","3.600","3.299"
"2014/01/29","2.65","3.612","3.302"
"2014/02/03","2.65","3.609","3.303"
"2014/02/04","2.65","3.542","3.273"
"2014/02/05","2.65","3.546","3.278"
"2014/02/06","2.65","3.543","3.274"
"2014/02/07","2.65","3.564","3.281"
"2014/02/10","2.65","3.546","3.271"
"2014/02/11","2.65","3.526","3.266"
"2014/02/12","2.65","3.530","3.267"
"2014/02/13","2.65","3.495","3.263"
"2014/02/14","2.65","3.481","3.267"
"2014/02/17","2.65","3.501","3.277"
"2014/02/18","2.65","3.524","3.286"
"2014/02/19","2.65","3.499","3.279"
"2014/02/20","2.65","3.493","3.280"
"2014/02/21","2.65","3.529","3.303"
"2014/02/24","2.65","3.512","3.298"
"2014/02/25","2.65","3.498","3.288"
"2014/02/26","2.65","3.511","3.288"
"2014/02/27","2.65","3.500","3.276"
"2014/02/28","2.65","3.498","3.279"
"2014/03/03","2.65","3.552","3.322"
"2014/03/04","2.65","3.582","3.340"
"2014/03/05","2.65","3.562","3.326"
"2014/03/06","2.65","3.570","3.326"
"2014/03/07","2.65","3.580","3.325"
"2014/03/10","2.65","3.568","3.313"
"2014/03/11","2.65","3.562","3.310"
"2014/03/12","2.65","3.538","3.294"
"2014/03/13","2.65","3.531","3.294"
"2014/03/14","2.65","3.470","3.256"
"2014/03/17","2.65","3.515","3.277"
"2014/03/18","2.65","3.538","3.270"
"2014/03/19","2.65","3.516","3.260"
"2014/03/20","2.65","3.540","3.295"
"2014/03/21","2.65","3.561","3.312"
"2014/03/24","2.65","3.567","3.317"
"2014/03/25","2.65","3.544","3.308"
"2014/03/26","2.65","3.546","3.312"
"2014/03/27","2.65","3.538","3.308"
"2014/03/28","2.65","3.515","3.299"
"2014/03/31","2.65","3.518","3.300"
"2014/04/01","2.65","3.537","3.302"
"2014/04/02","2.65","3.560","3.309"
"2014/04/03","2.65","3.562","3.310"
"2014/04/04","2.65","3.562","3.313"
"2014/04/07","2.65","3.529","3.299"
"2014/04/08","2.65","3.541","3.303"
"2014/04/09","2.65","3.519","3.284"
"2014/04/10","2.65","3.533","3.291"
"2014/04/11","2.65","3.530","3.288"
"2014/04/14","2.65","3.539","3.302"
"2014/04/15","2.65","3.540","3.307"
"2014/04/16","2.65","3.549","3.317"
"2014/04/17","2.65","3.519","3.300"
"2014/04/18","2.65","3.542","3.310"
"2014/04/21","2.65","3.560","3.314"
"2014/04/22","2.65","3.551","3.308"
"2014/04/23","2.65","3.548","3.309"
"2014/04/24","2.65","3.549","3.309"
"2014/04/25","2.65","3.530","3.300"
"2014/04/28","2.65","3.529","3.300"
"2014/04/29","2.65","3.525","3.299"
"2014/04/30","2.65","3.527","3.298"
"2014/05/02","2.65","3.506","3.288"
"2014/05/07","2.65","3.468","3.278"
"2014/05/08","2.65","3.461","3.276"
"2014/05/09","2.65","3.425","3.262"
"2014/05/12","2.65","3.440","3.272"
"2014/05/13","2.65","3.453","3.284"
"2014/05/14","2.65","3.442","3.278"
"2014/05/15","2.65","3.378","3.254"
"2014/05/16","2.65","3.386","3.260"
"2014/05/19","2.65","3.377","3.261"
"2014/05/20","2.65","3.385","3.269"
"2014/05/21","2.65","3.378","3.267"
"2014/05/22","2.65","3.407","3.275"
"2014/05/23","2.65","3.383","3.258"
"2014/05/26","2.65","3.371","3.255"
"2014/05/27","2.65","3.369","3.255"
"2014/05/28","2.65","3.351","3.244"
"2014/05/29","2.65","3.323","3.231"
"2014/05/30","2.65","3.338","3.240"
"2014/06/02","2.65","3.362","3.250"
"2014/06/03","2.65","3.375","3.256"
"2014/06/05","2.65","3.383","3.257"
"2014/06/09","2.65","3.380","3.258"
"2014/06/10","2.65","3.340","3.234"
"2014/06/11","2.65","3.355","3.240"
"2014/06/12","2.65","3.318","3.208"
"2014/06/13","2.65","3.307","3.161"
"2014/06/16","2.65","3.315","3.145"
"2014/06/17","2.65","3.302","3.152"
"2014/06/18","2.65","3.301","3.150"
"2014/06/19","2.65","3.251","3.112"
"2014/06/20","2.65","3.213","3.092"
"2014/06/23","2.65","3.235","3.117"
"2014/06/24","2.65","3.215","3.111"
"2014/06/25","2.65","3.216","3.117"
"2014/06/26","2.65","3.205","3.125"
"2014/06/27","2.65","3.183","3.112"
"2014/06/30","2.65","3.170","3.100"
"2014/07/01","2.65","3.168","3.082"
"2014/07/02","2.65","3.089","3.000"
"2014/07/03","2.65","3.105","3.013"
"2014/07/04","2.65","3.123","3.022"
"2014/07/07","2.65","3.127","3.025"
"2014/07/08","2.65","3.159","3.056"
"2014/07/09","2.65","3.153","3.021"
"2014/07/10","2.65","3.085","3.000"
"2014/07/11","2.65","3.063","2.998"
"2014/07/14","2.65","3.075","3.006"
"2014/07/15","2.65","3.062","3.001"
"2014/07/16","2.65","3.027","2.992"
"2014/07/17","2.65","2.958","2.927"
"2014/07/18","2.65","2.971","2.933"
"2014/07/21","2.65","3.000","2.936"
"2014/07/22","2.65","2.995","2.928"
"2014/07/23","2.65","2.970","2.883"
"2014/07/24","2.65","3.015","2.911"
"2014/07/25","2.65","3.004","2.907"
"2014/07/28","2.65","3.017","2.915"
"2014/07/29","2.65","3.034","2.925"
"2014/07/30","2.65","3.035","2.918"
"2014/07/31","2.65","3.052","2.920"
"2014/08/01","2.65","3.105","2.944"
"2014/08/04","2.65","3.105","2.945"
"2014/08/05","2.65","3.065","2.919"
"2014/08/06","2.65","3.095","2.935"
"2014/08/07","2.65","3.085","2.925"
"2014/08/08","2.65","3.034","2.898"
"2014/08/11","2.63","3.043","2.906"
"2014/08/12","2.62","3.061","2.914"
"2014/08/13","2.61","3.070","2.910"
"2014/08/14","2.46","3.069","2.929"
"2014/08/18","2.43","3.101","2.947"
"2014/08/19","2.42","3.143","2.957"
"2014/08/20","2.42","3.142","2.956"
"2014/08/21","2.42","3.149","2.959"
"2014/08/22","2.41","3.148","2.956"
"2014/08/25","2.41","3.110","2.939"
"2014/08/26","2.40","3.063","2.910"
"2014/08/27","2.40","3.045","2.898"
"2014/08/28","2.40","3.058","2.898"
"2014/08/29","2.40","3.034","2.884"
"2014/09/01","2.40","3.038","2.885"
"2014/09/02","2.36","3.063","2.881"
"2014/09/03","2.36","3.101","2.901"
"2014/09/04","2.35","3.100","2.905"
"2014/09/05","2.35","3.067","2.876"
"2014/09/11","2.35","3.082","2.867"
"2014/09/12","2.35","3.008","2.790"
"2014/09/15","2.35","3.045","2.791"
"2014/09/16","2.35","3.050","2.760"
"2014/09/17","2.35","3.034","2.759"
"2014/09/18","2.35","3.022","2.754"
"2014/09/19","2.35","3.027","2.757"
"2014/09/22","2.35","2.990","2.738"
"2014/09/23","2.35","2.981","2.733"
"2014/09/24","2.35","2.971","2.721"
"2014/09/25","2.35","2.954","2.715"
"2014/09/26","2.35","2.929","2.705"
"2014/09/29","2.35","2.914","2.707"
"2014/09/30","2.35","2.854","2.680"
"2014/10/01","2.35","2.804","2.610"
"2014/10/02","2.35","2.832","2.627"
"2014/10/06","2.35","2.845","2.635"
"2014/10/07","2.31","2.859","2.652"
"2014/10/08","2.30","2.845","2.654"
"2014/10/10","2.29","2.819","2.627"
"2014/10/13","2.28","2.819","2.623"
"2014/10/14","2.28","2.835","2.642"
"2014/10/15","2.18","2.822","2.641"
"2014/10/16","2.17","2.738","2.604"
"2014/10/17","2.17","2.731","2.597"
"2014/10/20","2.16","2.785","2.610"
"2014/10/21","2.15","2.757","2.593"
"2014/10/22","2.15","2.755","2.587"
"2014/10/23","2.14","2.725","2.565"
"2014/10/24","2.14","2.699","2.549"
"2014/10/27","2.14","2.720","2.557"
"2014/10/28","2.14","2.719","2.554"
"2014/10/29","2.14","2.706","2.546"
"2014/10/30","2.14","2.684","2.532"
"2014/10/31","2.14","2.645","2.487"
"2014/11/03","2.14","2.657","2.474"
"2014/11/04","2.14","2.629","2.451"
"2014/11/05","2.14","2.636","2.450"
"2014/11/06","2.14","2.642","2.433"
"2014/11/07","2.14","2.670","2.442"
"2014/11/10","2.14","2.686","2.462"
"2014/11/11","2.14","2.719","2.494"
"2014/11/12","2.14","2.758","2.522"
"2014/11/13","2.14","2.773","2.529"
"2014/11/14","2.14","2.772","2.521"
"2014/11/17","2.14","2.762","2.509"
"2014/11/18","2.14","2.748","2.497"
"2014/11/19","2.14","2.742","2.495"
"2014/11/20","2.14","2.715","2.475"
"2014/11/21","2.14","2.725","2.479"
"2014/11/24","2.14","2.682","2.438"
"2014/11/25","2.13","2.654","2.421"
"2014/11/26","2.13","2.634","2.411"
"2014/11/27","2.13","2.649","2.424"
"2014/11/28","2.13","2.589","2.392"
"2014/12/01","2.13","2.590","2.389"
"2014/12/02","2.13","2.604","2.397"
"2014/12/03","2.13","2.681","2.439"
"2014/12/04","2.13","2.720","2.471"
"2014/12/05","2.13","2.725","2.472"
"2014/12/08","2.13","2.798","2.512"
"2014/12/09","2.13","2.750","2.480"
"2014/12/10","2.13","2.766","2.489"
"2014/12/11","2.13","2.700","2.447"
"2014/12/12","2.13","2.695","2.440"
"2014/12/15","2.13","2.693","2.453"
"2014/12/16","2.13","2.668","2.449"
"2014/12/17","2.13","2.695","2.484"
"2014/12/18","2.13","2.725","2.498"
"2014/12/19","2.13","2.722","2.494"
"2014/12/22","2.13","2.666","2.472"
"2014/12/23","2.13","2.671","2.474"
"2014/12/24","2.13","2.658","2.467"
"2014/12/26","2.13","2.650","2.475"
"2014/12/29","2.13","2.608","2.455"
"2014/12/30","2.13","2.597","2.433"
"2014/12/31","2.13","2.598","2.434"
"2015/01/02","2.13","2.660","2.464"
"2015/01/05","2.13","2.622","2.446"
"2015/01/06","2.13","2.555","2.408"
"2015/01/07","2.13","2.560","2.408"
"2015/01/08","2.13","2.552","2.403"
"2015/01/09","2.13","2.536","2.391"
"2015/01/12","2.13","2.449","2.339"
"2015/01/13","2.13","2.433","2.343"
"2015/01/14","2.13","2.369","2.296"
"2015/01/15","2.13","2.450","2.362"
"2015/01/16","2.13","2.344","2.330"
"2015/01/19","2.13","2.385","2.359"
"2015/01/20","2.13","2.360","2.346"
"2015/01/21","2.13","2.372","2.361"
"2015/01/22","2.13","2.405","2.377"
"2015/01/23","2.13","2.329","2.333"
"2015/01/26","2.13","2.300","2.322"
"2015/01/27","2.13","2.300","2.325"
"2015/01/28","2.12","2.259","2.303"
"2015/01/29","2.12","2.227","2.296"
"2015/01/30","2.12","2.240","2.274"
"2015/02/02","2.12","2.245","2.280"
"2015/02/03","2.12","2.211","2.241"
"2015/02/04","2.12","2.249","2.258"
"2015/02/05","2.12","2.278","2.266"
"2015/02/06","2.12","2.273","2.251"
"2015/02/09","2.12","2.295","2.264"
"2015/02/10","2.12","2.356","2.321"
"2015/02/11","2.12","2.352","2.318"
"2015/02/12","2.12","2.406","2.340"
"2015/02/13","2.12","2.400","2.321"
"2015/02/16","2.12","2.477","2.356"
"2015/02/17","2.12","2.383","2.323"
"2015/02/23","2.12","2.426","2.332"
"2015/02/24","2.10","2.434","2.334"
"2015/02/25","2.10","2.375","2.307"
"2015/02/26","2.10","2.366","2.302"
"2015/02/27","2.10","2.353","2.291"
"2015/03/02","2.10","2.330","2.263"
"2015/03/03","2.10","2.352","2.258"
"2015/03/04","2.10","2.367","2.250"
"2015/03/05","2.10","2.355","2.246"
"2015/03/06","2.10","2.329","2.214"
"2015/03/09","2.10","2.371","2.202"
"2015/03/10","2.10","2.387","2.206"
"2015/03/11","2.10","2.316","2.166"
"2015/03/12","1.91","2.347","2.154"
"2015/03/13","1.90","2.356","2.129"
"2015/03/16","1.89","2.315","2.115"
"2015/03/17","1.88","2.319","2.126"
"2015/03/18","1.87","2.282","2.114"
"2015/03/19","1.87","2.212","2.083"
"2015/03/20","1.86","2.207","2.062"
"2015/03/23","1.86","2.194","2.058"
"2015/03/24","1.86","2.193","2.055"
"2015/03/25","1.86","2.171","2.045"
"2015/03/26","1.86","2.178","2.043"
"2015/03/27","1.86","2.180","2.030"
"2015/03/30","1.85","2.152","2.011"
"2015/03/31","1.85","2.160","1.992"
"2015/04/01","1.85","2.150","1.990"
"2015/04/02","1.85","2.119","1.988"
"2015/04/03","1.85","2.086","1.980"
"2015/04/06","1.85","2.068","1.971"
"2015/04/07","1.83","2.104","1.975"
"2015/04/08","1.83","2.112","1.978"
"2015/04/09","1.82","2.077","1.951"
"2015/04/10","1.80","2.070","1.963"
"2015/04/13","1.80","2.103","1.975"
"2015/04/14","1.80","2.121","1.978"
"2015/04/15","1.80","2.122","1.972"
"2015/04/16","1.80","2.157","1.976"
"2015/04/17","1.80","2.112","1.944"
"2015/04/20","1.80","2.143","1.948"
"2015/04/21","1.80","2.174","1.958"
"2015/04/22","1.80","2.175","1.959"
"2015/04/23","1.80","2.266","1.983"
"2015/04/24","1.80","2.285","2.008"
"2015/04/27","1.80","2.290","2.019"
"2015/04/28","1.80","2.367","2.062"
"2015/04/29","1.80","2.380","2.079"
"2015/04/30","1.80","2.414","2.080"
"2015/05/04","1.80","2.486","2.131"
"2015/05/06","1.80","2.569","2.193"
"2015/05/07","1.80","2.551","2.189"
"2015/05/08","1.80","2.415","2.109"
"2015/05/11","1.80","2.460","2.103"
"2015/05/12","1.80","2.597","2.177"
"2015/05/13","1.80","2.538","2.107"
"2015/05/14","1.80","2.498","2.098"
"2015/05/15","1.80","2.508","2.121"
"2015/05/18","1.80","2.517","2.129"
"2015/05/19","1.80","2.547","2.142"
"2015/05/20","1.80","2.495","2.119"
"2015/05/21","1.80","2.511","2.122"
"2015/05/22","1.80","2.480","2.114"
"2015/05/26","1.80","2.489","2.095"
"2015/05/27","1.80","2.447","2.062"
"2015/05/28","1.80","2.410","2.054"
"2015/05/29","1.80","2.308","2.006"
"2015/06/01","1.80","2.343","2.008"
"2015/06/02","1.80","2.333","1.991"
"2015/06/03","1.80","2.429","2.018"
"2015/06/04","1.80","2.482","2.027"
"2015/06/05","1.80","2.468","2.000"
"2015/06/08","1.80","2.483","1.993"
"2015/06/09","1.80","2.434","1.990"
"2015/06/10","1.80","2.465","2.011"
"2015/06/11","1.65","2.526","2.035"
"2015/06/12","1.65","2.463","2.003"
"2015/06/15","1.65","2.500","2.000"
"2015/06/16","1.65","2.508","2.001"
"2015/06/17","1.65","2.557","2.030"
"2015/06/18","1.65","2.516","2.013"
"2015/06/19","1.65","2.445","1.998"
"2015/06/22","1.65","2.506","2.015"
"2015/06/23","1.65","2.480","2.020"
"2015/06/24","1.65","2.469","2.028"
"2015/06/25","1.65","2.494","2.031"
"2015/06/26","1.65","2.495","2.030"
"2015/06/29","1.65","2.450","2.009"
"2015/06/30","1.65","2.451","2.007"
"2015/07/01","1.65","2.471","2.019"
"2015/07/02","1.65","2.530","2.042"
"2015/07/03","1.65","2.522","2.037"
"2015/07/06","1.65","2.465","2.033"
"2015/07/07","1.65","2.497","2.031"
"2015/07/08","1.65","2.469","2.015"
"2015/07/09","1.65","2.484","2.017"
"2015/07/10","1.65","2.502","2.023"
"2015/07/13","1.65","2.508","2.021"
"2015/07/14","1.65","2.504","2.017"
"2015/07/15","1.65","2.495","2.015"
"2015/07/16","1.65","2.481","2.012"
"2015/07/17","1.65","2.470","2.008"
"2015/07/20","1.65","2.467","2.002"
"2015/07/21","1.65","2.454","2.000"
"2015/07/22","1.65","2.421","1.983"
"2015/07/23","1.65","2.370","1.955"
"2015/07/24","1.65","2.336","1.945"
"2015/07/27","1.64","2.351","1.942"
"2015/07/28","1.64","2.383","1.969"
"2015/07/29","1.64","2.362","1.959"
"2015/07/30","1.64","2.390","1.979"
"2015/07/31","1.64","2.428","2.010"
"2015/08/03","1.64","2.402","2.000"
"2015/08/04","1.64","2.409","2.010"
"2015/08/05","1.64","2.423","2.026"
"2015/08/06","1.64","2.408","2.019"
"2015/08/07","1.64","2.410","2.017"
"2015/08/10","1.64","2.356","1.996"
"2015/08/11","1.64","2.323","1.977"
"2015/08/12","1.64","2.257","1.945"
"2015/08/13","1.64","2.294","1.971"
"2015/08/17","1.64","2.279","1.968"
"2015/08/18","1.64","2.273","1.960"
"2015/08/19","1.64","2.307","1.974"
"2015/08/20","1.64","2.276","1.962"
"2015/08/21","1.64","2.256","1.959"
"2015/08/24","1.64","2.189","1.947"
"2015/08/25","1.64","2.222","1.963"
"2015/08/26","1.64","2.249","1.975"
"2015/08/27","1.64","2.252","1.965"
"2015/08/28","1.64","2.285","1.978"
"2015/08/31","1.63","2.295","1.994"
"2015/09/01","1.63","2.303","1.989"
"2015/09/02","1.61","2.266","1.965"
"2015/09/03","1.61","2.280","1.949"
"2015/09/04","1.60","2.241","1.925"
"2015/09/07","1.60","2.224","1.930"
"2015/09/08","1.60","2.227","1.947"
"2015/09/09","1.60","2.253","1.962"
"2015/09/10","1.60","2.225","1.940"
"2015/09/11","1.60","2.237","1.949"
"2015/09/14","1.60","2.270","1.964"
"2015/09/15","1.60","2.252","1.952"
"2015/09/16","1.60","2.274","1.970"
"2015/09/17","1.60","2.271","1.982"
"2015/09/18","1.60","2.195","1.940"
"2015/09/21","1.60","2.158","1.925"
"2015/09/22","1.60","2.148","1.931"
"2015/09/23","1.60","2.136","1.928"
"2015/09/24","1.60","2.160","1.942"
"2015/09/25","1.60","2.134","1.930"
"2015/09/30","1.59","2.061","1.893"
"2015/10/01","1.59","2.107","1.922"
"2015/10/02","1.59","2.082","1.911"
"2015/10/05","1.59","2.042","1.904"
"2015/10/06","1.59","2.050","1.919"
"2015/10/07","1.59","2.087","1.942"
"2015/10/08","1.59","2.091","1.943"
"2015/10/12","1.59","2.149","1.976"
"2015/10/13","1.58","2.124","1.968"
"2015/10/14","1.57","2.124","1.980"
"2015/10/15","1.57","2.060","1.955"
"2015/10/16","1.57","2.064","1.956"
"2015/10/19","1.57","2.076","1.960"
"2015/10/20","1.57","2.099","1.977"
"2015/10/21","1.57","2.109","1.985"
"2015/10/22","1.57","2.122","1.992"
"2015/10/23","1.57","2.105","1.991"
"2015/10/26","1.57","2.097","1.989"
"2015/10/27","1.57","2.064","1.976"
"2015/10/28","1.57","2.036","1.975"
"2015/10/29","1.57","2.053","1.988"
"2015/10/30","1.57","2.111","2.003"
"2015/11/02","1.57","2.118","2.006"
"2015/11/03","1.57","2.153","2.019"
"2015/11/04","1.57","2.165","2.032"
"2015/11/05","1.57","2.157","2.047"
"2015/11/06","1.57","2.208","2.083"
"2015/11/09","1.57","2.306","2.157"
"2015/11/10","1.57","2.274","2.137"
"2015/11/11","1.57","2.308","2.157"
"2015/11/12","1.58","2.326","2.151"
"2015/11/13","1.58","2.332","2.145"
"2015/11/16","1.58","2.283","2.119"
"2015/11/17","1.58","2.304","2.129"
"2015/11/18","1.58","2.292","2.123"
"2015/11/19","1.58","2.260","2.109"
"2015/11/20","1.58","2.269","2.134"
"2015/11/23","1.59","2.288","2.137"
"2015/11/24","1.59","2.279","2.145"
"2015/11/25","1.59","2.250","2.147"
"2015/11/26","1.62","2.239","2.157"
"2015/11/27","1.62","2.271","2.179"
"2015/11/30","1.66","2.247","2.168"
"2015/12/01","1.67","2.275","2.162"
"2015/12/02","1.67","2.256","2.156"
"2015/12/03","1.67","2.264","2.150"
"2015/12/04","1.67","2.301","2.178"
"2015/12/07","1.67","2.299","2.182"
"2015/12/08","1.67","2.230","2.167"
"2015/12/09","1.67","2.210","2.166"
"2015/12/10","1.67","2.216","2.155"
"2015/12/11","1.67","2.243","2.162"
"2015/12/14","1.67","2.221","2.154"
"2015/12/15","1.67","2.210","2.156"
"2015/12/16","1.67","2.218","2.172"
"2015/12/17","1.67","2.162","2.153"
"2015/12/18","1.67","2.118","2.128"
"2015/12/21","1.67","2.100","2.102"
"2015/12/22","1.67","2.114","2.119"
"2015/12/23","1.67","2.114","2.115"
"2015/12/24","1.67","2.102","2.112"
"2015/12/28","1.67","2.097","2.121"
"2015/12/29","1.67","2.070","2.106"
"2015/12/30","1.67","2.076","2.113"
"2015/12/31","1.67","2.076","2.113"
"2016/01/04","1.67","2.039","2.093"
"2016/01/05","1.67","2.057","2.103"
"2016/01/06","1.67","2.035","2.099"
"2016/01/07","1.67","2.015","2.097"
"2016/01/08","1.67","2.057","2.121"
"2016/01/11","1.67","2.025","2.094"
"2016/01/12","1.67","2.036","2.097"
"2016/01/13","1.67","2.025","2.094"
"2016/01/14","1.67","2.033","2.106"
"2016/01/15","1.67","2.024","2.106"
"2016/01/18","1.67","2.039","2.107"
"2016/01/19","1.67","2.065","2.108"
"2016/01/20","1.67","2.002","2.083"
"2016/01/21","1.67","1.995","2.077"
"2016/01/22","1.67","2.037","2.087"
"2016/01/25","1.65","2.020","2.088"
"2016/01/26","1.65","1.990","2.067"
"2016/01/27","1.65","2.013","2.072"
"2016/01/28","1.65","2.018","2.085"
"2016/01/29","1.65","1.979","2.038"
"2016/02/01","1.65","1.922","2.000"
"2016/02/02","1.65","1.916","1.993"
"2016/02/03","1.65","1.865","1.968"
"2016/02/04","1.65","1.862","1.964"
"2016/02/05","1.65","1.882","1.975"
"2016/02/11","1.64","1.766","1.915"
"2016/02/12","1.64","1.800","1.940"
"2016/02/15","1.64","1.825","1.955"
"2016/02/16","1.63","1.781","1.909"
"2016/02/17","1.63","1.784","1.915"
"2016/02/18","1.63","1.805","1.930"
"2016/02/19","1.63","1.814","1.944"
"2016/02/22","1.63","1.830","1.959"
"2016/02/23","1.63","1.831","1.960"
"2016/02/24","1.63","1.814","1.950"
"2016/02/25","1.63","1.802","1.948"
"2016/02/26","1.63","1.778","1.938"
"2016/02/29","1.63","1.786","1.939"
"2016/03/02","1.63","1.827","1.953"
"2016/03/03","1.63","1.870","1.986"
"2016/03/04","1.63","1.882","2.001"
"2016/03/07","1.63","1.867","1.983"
"2016/03/08","1.63","1.845","1.966"
"2016/03/09","1.63","1.850","1.955"
"2016/03/10","1.63","1.863","1.977"
"2016/03/11","1.63","1.922","2.027"
"2016/03/14","1.63","1.915","2.014"
"2016/03/15","1.63","1.907","2.014"
"2016/03/16","1.63","1.912","2.023"
"2016/03/17","1.63","1.862","1.994"
"2016/03/18","1.63","1.835","1.981"
"2016/03/21","1.63","1.828","1.974"
"2016/03/22","1.63","1.847","1.990"
"2016/03/23","1.63","1.867","1.992"
"2016/03/24","1.63","1.848","1.981"
"2016/03/25","1.63","1.835","1.972"
"2016/03/28","1.61","1.834","1.962"
"2016/03/29","1.61","1.798","1.934"
"2016/03/30","1.61","1.781","1.934"
"2016/03/31","1.61","1.793","1.932"
"2016/04/01","1.61","1.796","1.932"
"2016/04/04","1.61","1.766","1.923"
"2016/04/05","1.61","1.787","1.930"
"2016/04/06","1.61","1.787","1.934"
"2016/04/07","1.61","1.801","1.943"
"2016/04/08","1.61","1.794","1.938"
"2016/04/11","1.61","1.794","1.938"
"2016/04/12","1.61","1.791","1.938"
"2016/04/14","1.61","1.844","1.972"
"2016/04/15","1.61","1.840","1.965"
"2016/04/18","1.61","1.845","1.975"
"2016/04/19","1.61","1.838","1.969"
"2016/04/20","1.61","1.804","1.941"
"2016/04/21","1.61","1.825","1.951"
"2016/04/22","1.61","1.828","1.944"
"2016/04/25","1.61","1.831","1.929"
"2016/04/26","1.61","1.816","1.924"
"2016/04/27","1.61","1.811","1.923"
"2016/04/28","1.61","1.801","1.914"
"2016/04/29","1.61","1.794","1.915"
"2016/05/02","1.61","1.807","1.925"
"2016/05/03","1.61","1.795","1.909"
"2016/05/04","1.61","1.773","1.895"
"2016/05/09","1.61","1.767","1.879"
"2016/05/10","1.60","1.768","1.877"
"2016/05/11","1.60","1.765","1.875"
"2016/05/12","1.60","1.764","1.878"
"2016/05/13","1.60","1.768","1.892"
"2016/05/16","1.58","1.774","1.894"
"2016/05/17","1.58","1.791","1.905"
"2016/05/18","1.58","1.801","1.920"
"2016/05/19","1.56","1.829","1.941"
"2016/05/20","1.56","1.803","1.925"
"2016/05/23","1.56","1.800","1.924"
"2016/05/24","1.56","1.767","1.904"
"2016/05/25","1.56","1.785","1.917"
"2016/05/26","1.56","1.790","1.920"
"2016/05/27","1.56","1.778","1.920"
"2016/05/30","1.56","1.813","1.951"
"2016/05/31","1.56","1.811","1.949"
"2016/06/01","1.56","1.757","1.890"
"2016/06/02","1.56","1.763","1.894"
"2016/06/03","1.56","1.738","1.876"
"2016/06/07","1.56","1.715","1.855"
"2016/06/08","1.56","1.697","1.833"
"2016/06/09","1.39","1.660","1.800"
"2016/06/10","1.39","1.652","1.790"
"2016/06/13","1.39","1.615","1.780"
"2016/06/14","1.39","1.635","1.803"
"2016/06/15","1.39","1.622","1.800"
"2016/06/16","1.39","1.579","1.779"
"2016/06/17","1.39","1.596","1.793"
"2016/06/20","1.39","1.641","1.817"
"2016/06/21","1.39","1.616","1.803"
"2016/06/22","1.39","1.638","1.815"
"2016/06/23","1.39","1.627","1.797"
"2016/06/24","1.37","1.500","1.700"
"2016/06/27","1.37","1.484","1.680"
"2016/06/28","1.37","1.486","1.688"
"2016/06/29","1.37","1.459","1.677"
"2016/06/30","1.37","1.469","1.689"
"2016/07/01","1.37","1.409","1.653"
"2016/07/04","1.37","1.415","1.662"
"2016/07/05","1.37","1.421","1.657"
"2016/07/06","1.37","1.383","1.643"
"2016/07/07","1.36","1.380","1.645"
"2016/07/08","1.36","1.388","1.648"
"2016/07/11","1.36","1.380","1.644"
"2016/07/12","1.36","1.388","1.649"
"2016/07/13","1.36","1.393","1.646"
"2016/07/14","1.36","1.374","1.640"
"2016/07/15","1.36","1.392","1.652"
"2016/07/18","1.36","1.415","1.661"
"2016/07/19","1.36","1.426","1.657"
"2016/07/20","1.36","1.418","1.654"
"2016/07/21","1.36","1.439","1.665"
"2016/07/22","1.36","1.418","1.655"
"2016/07/25","1.36","1.425","1.655"
"2016/07/26","1.36","1.411","1.650"
"2016/07/27","1.36","1.403","1.649"
"2016/07/28","1.36","1.357","1.630"
"2016/07/29","1.36","1.386","1.642"
"2016/08/01","1.36","1.363","1.637"
"2016/08/02","1.36","1.378","1.638"
"2016/08/03","1.36","1.425","1.658"
"2016/08/04","1.36","1.413","1.651"
"2016/08/05","1.36","1.388","1.640"
"2016/08/08","1.36","1.429","1.658"
"2016/08/09","1.36","1.427","1.656"
"2016/08/10","1.36","1.391","1.628"
"2016/08/11","1.35","1.396","1.632"
"2016/08/12","1.35","1.410","1.638"
"2016/08/16","1.35","1.395","1.628"
"2016/08/17","1.35","1.434","1.641"
"2016/08/18","1.34","1.415","1.633"
"2016/08/19","1.34","1.422","1.635"
"2016/08/22","1.34","1.435","1.638"
"2016/08/23","1.34","1.422","1.632"
"2016/08/24","1.34","1.418","1.632"
"2016/08/25","1.34","1.422","1.637"
"2016/08/26","1.34","1.423","1.640"
"2016/08/29","1.34","1.445","1.668"
"2016/08/30","1.34","1.449","1.671"
"2016/08/31","1.34","1.478","1.694"
"2016/09/01","1.34","1.524","1.713"
"2016/09/02","1.34","1.530","1.708"
"2016/09/05","1.34","1.511","1.693"
"2016/09/06","1.34","1.506","1.687"
"2016/09/07","1.34","1.459","1.666"
"2016/09/08","1.34","1.469","1.675"
"2016/09/09","1.34","1.512","1.706"
"2016/09/12","1.34","1.567","1.735"
"2016/09/13","1.34","1.572","1.733"
"2016/09/19","1.34","1.582","1.734"
"2016/09/20","1.34","1.575","1.728"
"2016/09/21","1.34","1.592","1.722"
"2016/09/22","1.34","1.519","1.696"
"2016/09/23","1.34","1.500","1.700"
"2016/09/26","1.34","1.495","1.706"
"2016/09/27","1.34","1.494","1.706"
"2016/09/28","1.34","1.468","1.704"
"2016/09/29","1.34","1.456","1.701"
"2016/09/30","1.34","1.398","1.669"
"2016/10/04","1.34","1.455","1.694"
"2016/10/05","1.34","1.510","1.727"
"2016/10/06","1.34","1.536","1.732"
"2016/10/07","1.34","1.531","1.737"
"2016/10/10","1.34","1.546","1.750"
"2016/10/11","1.34","1.616","1.783"
"2016/10/12","1.34","1.595","1.774"
"2016/10/13","1.34","1.543","1.749"
"2016/10/14","1.34","1.550","1.750"
"2016/10/17","1.34","1.615","1.780"
"2016/10/18","1.34","1.616","1.780"
"2016/10/19","1.34","1.612","1.780"
"2016/10/20","1.34","1.613","1.781"
"2016/10/21","1.36","1.626","1.804"
"2016/10/24","1.37","1.612","1.808"
"2016/10/25","1.38","1.640","1.824"
"2016/10/26","1.39","1.633","1.829"
"2016/10/27","1.39","1.669","1.835"
"2016/10/28","1.39","1.718","1.856"
"2016/10/31","1.39","1.688","1.852"
"2016/11/01","1.39","1.730","1.868"
"2016/11/02","1.39","1.694","1.854"
"2016/11/03","1.39","1.679","1.850"
"2016/11/04","1.39","1.694","1.852"
"2016/11/07","1.39","1.707","1.848"
"2016/11/08","1.39","1.702","1.844"
"2016/11/09","1.39","1.671","1.823"
"2016/11/10","1.39","1.819","1.884"
"2016/11/11","1.39","1.938","1.924"
"2016/11/14","1.39","2.061","2.013"
"2016/11/15","1.39","2.043","2.025"
"2016/11/16","1.39","2.084","2.074"
"2016/11/17","1.40","2.086","2.097"
"2016/11/18","1.40","2.132","2.132"
"2016/11/21","1.41","2.120","2.132"
"2016/11/22","1.42","2.124","2.141"
"2016/11/23","1.43","2.139","2.172"
"2016/11/24","1.46","2.182","2.215"
"2016/11/25","1.48","2.184","2.219"
"2016/11/28","1.49","2.153","2.180"
"2016/11/29","1.52","2.141","2.152"
"2016/11/30","1.52","2.144","2.152"
"2016/12/01","1.53","2.202","2.175"
"2016/12/02","1.54","2.258","2.194"
"2016/12/05","1.54","2.190","2.177"
"2016/12/06","1.54","2.203","2.189"
"2016/12/07","1.54","2.199","2.188"
"2016/12/08","1.54","2.163","2.167"
"2016/12/09","1.54","2.207","2.187"
"2016/12/12","1.54","2.270","2.197"
"2016/12/13","1.54","2.202","2.153"
"2016/12/14","1.54","2.131","2.125"
"2016/12/15","1.54","2.196","2.169"
"2016/12/16","1.54","2.167","2.159"
"2016/12/19","1.54","2.168","2.164"
"2016/12/20","1.54","2.163","2.172"
"2016/12/21","1.54","2.110","2.156"
"2016/12/22","1.54","2.102","2.140"
"2016/12/23","1.54","2.114","2.149"
"2016/12/26","1.54","2.114","2.155"
"2016/12/27","1.54","2.117","2.147"
"2016/12/28","1.53","2.084","2.135"
"2016/12/29","1.52","2.074","2.128"
"2016/12/30","1.52","2.074","2.128"
"2017/01/02","1.52","2.055","2.120"
"2017/01/03","1.52","2.061","2.097"
"2017/01/04","1.51","2.096","2.095"
"2017/01/05","1.51","2.064","2.072"
"2017/01/06","1.49","2.077","2.086"
"2017/01/09","1.49","2.132","2.115"
"2017/01/10","1.49","2.104","2.098"
"2017/01/11","1.49","2.126","2.105"
"2017/01/12","1.49","2.066","2.075"
"2017/01/13","1.49","2.096","2.089"
"2017/01/16","1.49","2.119","2.092"
"2017/01/17","1.49","2.102","2.083"
"2017/01/18","1.49","2.123","2.102"
"2017/01/19","1.49","2.169","2.135"
"2017/01/20","1.49","2.129","2.117"
"2017/01/23","1.49","2.125","2.104"
"2017/01/24","1.49","2.102","2.093"
"2017/01/25","1.49","2.133","2.111"
"2017/01/26","1.49","2.193","2.151"
"2017/01/31","1.49","2.155","2.140"
"2017/02/01","1.49","2.173","2.151"
"2017/02/02","1.49","2.155","2.139"
"2017/02/03","1.49","2.184","2.149"
"2017/02/06","1.49","2.156","2.126"
"2017/02/07","1.49","2.134","2.105"
"2017/02/08","1.49","2.130","2.112"
"2017/02/09","1.49","2.122","2.109"
"2017/02/10","1.49","2.151","2.127"
"2017/02/13","1.49","2.150","2.123"
"2017/02/14","1.49","2.135","2.113"
"2017/02/15","1.49","2.153","2.126"
"2017/02/16","1.49","2.144","2.121"
"2017/02/17","1.49","2.135","2.121"
"2017/02/20","1.49","2.184","2.135"
"2017/02/21","1.49","2.202","2.137"
"2017/02/22","1.49","2.246","2.155"
"2017/02/23","1.49","2.206","2.141"
"2017/02/24","1.49","2.175","2.133"
"2017/02/27","1.49","2.172","2.129"
"2017/02/28","1.49","2.162","2.138"
"2017/03/02","1.49","2.224","2.180"
"2017/03/03","1.49","2.231","2.182"
"2017/03/06","1.49","2.264","2.217"
"2017/03/07","1.49","2.310","2.257"
"2017/03/08","1.49","2.302","2.256"
"2017/03/09","1.49","2.318","2.265"
"2017/03/10","1.49","2.318","2.258"
"2017/03/13","1.49","2.301","2.248"
"2017/03/14","1.49","2.290","2.244"
"2017/03/15","1.49","2.272","2.247"
"2017/03/16","1.48","2.176","2.196"
"2017/03/17","1.48","2.179","2.187"
"2017/03/20","1.48","2.185","2.188"
"2017/03/21","1.48","2.186","2.187"
"2017/03/22","1.48","2.153","2.179"
"2017/03/23","1.47","2.151","2.184"
"2017/03/24","1.47","2.175","2.199"
"2017/03/27","1.47","2.150","2.174"
"2017/03/28","1.47","2.161","2.180"
"2017/03/29","1.45","2.159","2.179"
"2017/03/30","1.45","2.184","2.186"
"2017/03/31","1.45","2.177","2.183"
"2017/04/03","1.45","2.177","2.184"
"2017/04/04","1.45","2.139","2.161"
"2017/04/05","1.45","2.141","2.169"
"2017/04/06","1.45","2.182","2.192"
"2017/04/07","1.45","2.193","2.198"
"2017/04/10","1.45","2.253","2.234"
"2017/04/11","1.45","2.204","2.205"
"2017/04/12","1.43","2.205","2.199"
"2017/04/13","1.43","2.172","2.187"
"2017/04/14","1.42","2.185","2.190"
"2017/04/17","1.42","2.173","2.187"
"2017/04/18","1.42","2.174","2.191"
"2017/04/19","1.42","2.144","2.185"
"2017/04/20","1.42","2.144","2.191"
"2017/04/21","1.42","2.165","2.202"
"2017/04/24","1.42","2.205","2.220"
"2017/04/25","1.42","2.194","2.203"
"2017/04/26","1.41","2.207","2.207"
"2017/04/27","1.41","2.196","2.199"
"2017/04/28","1.41","2.196","2.200"
"2017/05/02","1.41","2.236","2.216"
"2017/05/04","1.41","2.211","2.206"
"2017/05/08","1.41","2.242","2.231"
"2017/05/10","1.41","2.299","2.256"
"2017/05/11","1.40","2.306","2.252"
"2017/05/12","1.40","2.289","2.237"
"2017/05/15","1.40","2.301","2.237"
"2017/05/16","1.40","2.301","2.240"
"2017/05/17","1.39","2.249","2.207"
"2017/05/18","1.39","2.248","2.207"
"2017/05/19","1.39","2.238","2.195"
"2017/05/22","1.39","2.272","2.211"
"2017/05/23","1.38","2.249","2.202"
"2017/05/24","1.38","2.269","2.216"
"2017/05/25","1.38","2.246","2.207"
"2017/05/26","1.38","2.237","2.204"
"2017/05/29","1.38","2.245","2.202"
"2017/05/30","1.38","2.223","2.189"
"2017/05/31","1.38","2.230","2.193"
"2017/06/01","1.38","2.212","2.179"
"2017/06/02","1.38","2.209","2.166"
"2017/06/05","1.38","2.177","2.158"
"2017/06/07","1.38","2.160","2.157"
"2017/06/08","1.38","2.173","2.173"
"2017/06/09","1.38","2.173","2.170"
"2017/06/12","1.38","2.222","2.225"
"2017/06/13","1.38","2.177","2.194"
"2017/06/14","1.38","2.170","2.213"
"2017/06/15","1.38","2.123","2.212"
"2017/06/16","1.38","2.153","2.227"
"2017/06/19","1.38","2.158","2.216"
"2017/06/20","1.38","2.142","2.218"
"2017/06/21","1.38","2.138","2.225"
"2017/06/22","1.38","2.135","2.235"
"2017/06/23","1.38","2.129","2.223"
"2017/06/26","1.38","2.124","2.222"
"2017/06/27","1.38","2.118","2.218"
"2017/06/28","1.38","2.178","2.246"
"2017/06/29","1.38","2.184","2.241"
"2017/06/30","1.38","2.214","2.240"
"2017/07/03","1.38","2.235","2.256"
"2017/07/04","1.38","2.272","2.280"
"2017/07/05","1.38","2.277","2.285"
"2017/07/06","1.39","2.281","2.290"
"2017/07/07","1.39","2.323","2.318"
"2017/07/10","1.39","2.289","2.295"
"2017/07/11","1.39","2.280","2.300"
"2017/07/12","1.39","2.272","2.299"
"2017/07/13","1.39","2.238","2.280"
"2017/07/14","1.39","2.249","2.285"
"2017/07/17","1.39","2.272","2.292"
"2017/07/18","1.39","2.256","2.285"
"2017/07/19","1.39","2.258","2.285"
"2017/07/20","1.39","2.237","2.279"
"2017/07/21","1.39","2.219","2.262"
"2017/07/24","1.39","2.220","2.259"
"2017/07/25","1.39","2.207","2.248"
"2017/07/26","1.39","2.245","2.264"
"2017/07/27","1.39","2.215","2.250"
"2017/07/28","1.39","2.229","2.257"
"2017/07/31","1.39","2.226","2.260"
"2017/08/01","1.39","2.258","2.271"
"2017/08/02","1.39","2.247","2.270"
"2017/08/03","1.39","2.250","2.276"
"2017/08/04","1.39","2.251","2.279"
"2017/08/07","1.39","2.285","2.307"
"2017/08/08","1.39","2.311","2.331"
"2017/08/09","1.39","2.338","2.363"
"2017/08/10","1.39","2.322","2.353"
"2017/08/11","1.39","2.302","2.338"
"2017/08/14","1.39","2.301","2.338"
"2017/08/16","1.39","2.332","2.359"
"2017/08/17","1.39","2.320","2.340"
"2017/08/18","1.39","2.314","2.323"
"2017/08/21","1.39","2.304","2.325"
"2017/08/22","1.39","2.308","2.341"
"2017/08/23","1.39","2.297","2.336"
"2017/08/24","1.39","2.289","2.339"
"2017/08/25","1.39","2.253","2.306"
"2017/08/28","1.39","2.251","2.308"
"2017/08/29","1.38","2.261","2.322"
"2017/08/30","1.38","2.249","2.307"
"2017/08/31","1.38","2.262","2.304"
"2017/09/01","1.38","2.271","2.302"
"2017/09/04","1.38","2.305","2.335"
"2017/09/05","1.38","2.306","2.333"
"2017/09/06","1.38","2.280","2.324"
"2017/09/07","1.38","2.275","2.326"
"2017/09/08","1.38","2.240","2.301"
"2017/09/11","1.38","2.251","2.303"
"2017/09/12","1.38","2.251","2.301"
"2017/09/13","1.38","2.242","2.291"
"2017/09/14","1.38","2.244","2.291"
"2017/09/15","1.38","2.248","2.290"
"2017/09/18","1.38","2.265","2.294"
"2017/09/19","1.38","2.294","2.326"
"2017/09/20","1.38","2.280","2.322"
"2017/09/21","1.38","2.280","2.329"
"2017/09/22","1.38","2.268","2.322"
"2017/09/25","1.38","2.270","2.334"
"2017/09/26","1.38","2.310","2.375"
"2017/09/27","1.38","2.360","2.426"
"2017/09/28","1.38","2.394","2.431"
"2017/09/29","1.38","2.379","2.429"
"2017/10/10","1.38","2.418","2.476"
"2017/10/11","1.38","2.418","2.469"
"2017/10/12","1.38","2.388","2.443"
"2017/10/13","1.38","2.391","2.460"
"2017/10/16","1.38","2.398","2.473"
"2017/10/17","1.38","2.401","2.489"
"2017/10/18","1.38","2.392","2.477"
"2017/10/19","1.38","2.429","2.550"
"2017/10/20","1.38","2.471","2.630"
"2017/10/23","1.38","2.454","2.584"
"2017/10/24","1.38","2.456","2.610"
"2017/10/25","1.38","2.500","2.648"
"2017/10/26","1.38","2.543","2.729"
"2017/10/27","1.40","2.536","2.716"
"2017/10/30","1.40","2.521","2.697"
"2017/10/31","1.40","2.571","2.728"
"2017/11/01","1.40","2.547","2.705"
"2017/11/02","1.40","2.526","2.688"
"2017/11/03","1.40","2.526","2.694"
"2017/11/06","1.40","2.549","2.711"
"2017/11/07","1.40","2.539","2.695"
"2017/11/08","1.40","2.538","2.709"
"2017/11/09","1.40","2.537","2.709"
"2017/11/10","1.40","2.564","2.720"
"2017/11/13","1.41","2.583","2.742"
"2017/11/14","1.42","2.610","2.771"
"2017/11/15","1.43","2.571","2.739"
"2017/11/16","1.44","2.564","2.735"
"2017/11/17","1.45","2.569","2.732"
"2017/11/20","1.46","2.546","2.713"
"2017/11/21","1.47","2.543","2.714"
"2017/11/22","1.48","2.541","2.724"
"2017/11/23","1.49","2.521","2.696"
"2017/11/24","1.50","2.537","2.722"
"2017/11/27","1.50","2.531","2.706"
"2017/11/28","1.50","2.484","2.676"
"2017/11/29","1.51","2.480","2.668"
"2017/11/30","1.64","2.477","2.631"
"2017/12/01","1.66","2.489","2.637"
"2017/12/04","1.66","2.485","2.635"
"2017/12/05","1.66","2.502","2.663"
"2017/12/06","1.66","2.467","2.637"
"2017/12/07","1.66","2.482","2.645"
"2017/12/08","1.66","2.486","2.645"
"2017/12/11","1.66","2.482","2.640"
"2017/12/12","1.66","2.456","2.628"
"2017/12/13","1.66","2.453","2.628"
"2017/12/14","1.66","2.450","2.628"
"2017/12/15","1.66","2.433","2.625"
"2017/12/18","1.66","2.433","2.636"
"2017/12/19","1.66","2.451","2.643"
"2017/12/20","1.66","2.467","2.638"
"2017/12/21","1.66","2.483","2.643"
"2017/12/22","1.66","2.496","2.678"
"2017/12/26","1.66","2.491","2.678"
"2017/12/27","1.66","2.497","2.693"
"2017/12/28","1.66","2.469","2.678"
"2017/12/29","1.66","2.469","2.678"
"2018/01/02","1.66","2.489","2.662"
"2018/01/03","1.66","2.508","2.664"
"2018/01/04","1.66","2.523","2.676"
"2018/01/05","1.66","2.518","2.644"
"2018/01/08","1.66","2.540","2.671"
"2018/01/09","1.66","2.565","2.684"
"2018/01/10","1.66","2.637","2.707"
"2018/01/11","1.66","2.589","2.690"
"2018/01/12","1.66","2.623","2.707"
"2018/01/15","1.66","2.658","2.750"
"2018/01/16","1.66","2.641","2.745"
"2018/01/17","1.65","2.636","2.745"
"2018/01/18","1.65","2.620","2.701"
"2018/01/19","1.65","2.638","2.701"
"2018/01/22","1.65","2.652","2.731"
"2018/01/23","1.65","2.654","2.725"
"2018/01/24","1.65","2.644","2.731"
"2018/01/25","1.65","2.661","2.748"
"2018/01/26","1.65","2.679","2.757"
"2018/01/29","1.65","2.744","2.810"
"2018/01/30","1.65","2.784","2.833"
"2018/01/31","1.65","2.769","2.809"
"2018/02/01","1.65","2.756","2.789"
"2018/02/02","1.65","2.756","2.786"
"2018/02/05","1.65","2.803","2.817"
"2018/02/06","1.65","2.749","2.788"
"2018/02/07","1.65","2.718","2.779"
"2018/02/08","1.65","2.744","2.802"
"2018/02/09","1.65","2.757","2.808"
"2018/02/12","1.65","2.806","2.835"
"2018/02/13","1.65","2.780","2.816"
"2018/02/14","1.65","2.763","2.807"
"2018/02/19","1.65","2.798","2.841"
"2018/02/20","1.65","2.807","2.852"
"2018/02/21","1.65","2.801","2.845"
"2018/02/22","1.65","2.803","2.842"
"2018/02/23","1.65","2.792","2.831"
"2018/02/26","1.65","2.763","2.813"
"2018/02/27","1.65","2.730","2.809"
"2018/02/28","1.65","2.736","2.817"
"2018/03/02","1.65","2.741","2.840"
"2018/03/05","1.65","2.737","2.853"
"2018/03/06","1.65","2.759","2.858"
"2018/03/07","1.65","2.727","2.845"
"2018/03/08","1.65","2.730","2.837"
"2018/03/09","1.65","2.744","2.846"
"2018/03/12","1.65","2.759","2.857"
"2018/03/13","1.65","2.746","2.853"
"2018/03/14","1.65","2.711","2.833"
"2018/03/15","1.65","2.704","2.827"
"2018/03/16","1.65","2.713","2.835"
"2018/03/19","1.65","2.724","2.838"
"2018/03/20","1.65","2.732","2.848"
"2018/03/21","1.65","2.723","2.850"
"2018/03/22","1.65","2.694","2.823"
"2018/03/23","1.65","2.648","2.797"
"2018/03/26","1.65","2.687","2.815"
"2018/03/27","1.65","2.676","2.807"
"2018/03/28","1.65","2.640","2.796"
"2018/03/29","1.65","2.642","2.799"
"2018/03/30","1.65","2.624","2.795"
"2018/04/02","1.65","2.643","2.802"
"2018/04/03","1.65","2.634","2.785"
"2018/04/04","1.65","2.617","2.764"
"2018/04/05","1.65","2.633","2.777"
"2018/04/06","1.65","2.607","2.763"
"2018/04/09","1.65","2.613","2.774"
"2018/04/10","1.65","2.622","2.785"
"2018/04/11","1.65","2.596","2.770"
"2018/04/12","1.65","2.580","2.762"
"2018/04/13","1.65","2.603","2.764"
"2018/04/16","1.65","2.625","2.777"
"2018/04/17","1.65","2.636","2.785"
"2018/04/18","1.65","2.652","2.795"
"2018/04/19","1.65","2.647","2.798"
"2018/04/20","1.65","2.671","2.806"
"2018/04/23","1.65","2.725","2.837"
"2018/04/24","1.65","2.726","2.830"
"2018/04/25","1.65","2.762","2.849"
"2018/04/26","1.65","2.749","2.835"
"2018/04/27","1.65","2.700","2.806"
"2018/04/30","1.65","2.713","2.819"
"2018/05/02","1.65","2.751","2.839"
"2018/05/03","1.65","2.751","2.847"
"2018/05/04","1.65","2.761","2.876"
"2018/05/08","1.65","2.787","2.901"
"2018/05/09","1.65","2.805","2.904"
"2018/05/10","1.65","2.772","2.881"
"2018/05/11","1.65","2.785","2.891"
"2018/05/14","1.65","2.795","2.909"
"2018/05/15","1.65","2.814","2.912"
"2018/05/16","1.65","2.794","2.892"
"2018/05/17","1.65","2.796","2.872"
"2018/05/18","1.65","2.765","2.844"
"2018/05/21","1.65","2.769","2.863"
"2018/05/23","1.65","2.747","2.850"
"2018/05/24","1.65","2.720","2.818"
"2018/05/25","1.65","2.716","2.823"
"2018/05/28","1.65","2.726","2.829"
"2018/05/29","1.65","2.693","2.813"
"2018/05/30","1.65","2.697","2.817"
"2018/05/31","1.65","2.695","2.816"
"2018/06/01","1.65","2.703","2.814"
"2018/06/04","1.65","2.733","2.834"
"2018/06/05","1.65","2.716","2.827"
"2018/06/07","1.65","2.750","2.842"
"2018/06/08","1.65","2.714","2.818"
"2018/06/11","1.65","2.732","2.833"
"2018/06/12","1.65","2.721","2.833"
"2018/06/14","1.65","2.711","2.846"
"2018/06/15","1.65","2.672","2.815"
"2018/06/18","1.65","2.650","2.807"
"2018/06/19","1.65","2.620","2.795"
"2018/06/20","1.65","2.618","2.797"
"2018/06/21","1.65","2.594","2.786"
"2018/06/22","1.65","2.608","2.788"
"2018/06/25","1.65","2.605","2.784"
"2018/06/26","1.65","2.618","2.788"
"2018/06/27","1.65","2.576","2.767"
"2018/06/28","1.65","2.558","2.762"
"2018/06/29","1.65","2.556","2.766"
"2018/07/02","1.65","2.530","2.766"
"2018/07/03","1.65","2.577","2.781"
"2018/07/04","1.65","2.547","2.761"
"2018/07/05","1.65","2.545","2.742"
"2018/07/06","1.65","2.555","2.749"
"2018/07/09","1.65","2.558","2.755"
"2018/07/10","1.65","2.553","2.745"
"2018/07/11","1.65","2.512","2.708"
"2018/07/12","1.65","2.542","2.744"
"2018/07/13","1.65","2.556","2.755"
"2018/07/16","1.65","2.546","2.741"
"2018/07/17","1.65","2.552","2.746"
"2018/07/18","1.65","2.530","2.740"
"2018/07/19","1.65","2.540","2.744"
"2018/07/20","1.65","2.522","2.732"
"2018/07/23","1.65","2.535","2.735"
"2018/07/24","1.65","2.575","2.748"
"2018/07/25","1.65","2.546","2.739"
"2018/07/26","1.65","2.550","2.732"
"2018/07/27","1.65","2.571","2.771"
"2018/07/30","1.65","2.573","2.786"
"2018/07/31","1.65","2.567","2.781"
"2018/08/01","1.65","2.589","2.780"
"2018/08/02","1.65","2.574","2.770"
"2018/08/03","1.65","2.580","2.765"
"2018/08/06","1.65","2.561","2.755"
"2018/08/07","1.65","2.557","2.743"
"2018/08/08","1.65","2.557","2.732"
"2018/08/09","1.65","2.521","2.714"
"2018/08/10","1.65","2.490","2.703"
"2018/08/13","1.65","2.505","2.711"
"2018/08/14","1.65","2.503","2.721"
"2018/08/16","1.65","2.475","2.707"
"2018/08/17","1.65","2.431","2.659"
"2018/08/20","1.65","2.407","2.650"
"2018/08/21","1.65","2.381","2.592"
"2018/08/22","1.65","2.402","2.626"
"2018/08/23","1.65","2.395","2.625"
"2018/08/24","1.65","2.381","2.624"
"2018/08/27","1.65","2.371","2.581"
"2018/08/28","1.65","2.354","2.546"
"2018/08/29","1.65","2.362","2.507"
"2018/08/30","1.65","2.367","2.500"
"2018/08/31","1.65","2.311","2.416"
"2018/09/03","1.65","2.292","2.404"
"2018/09/04","1.65","2.298","2.386"
"2018/09/05","1.65","2.269","2.358"
"2018/09/06","1.65","2.274","2.366"
"2018/09/07","1.65","2.268","2.365"
"2018/09/10","1.65","2.258","2.367"
"2018/09/11","1.65","2.273","2.373"
"2018/09/12","1.65","2.254","2.343"
"2018/09/13","1.65","2.262","2.370"
"2018/09/14","1.65","2.309","2.406"
"2018/09/17","1.65","2.316","2.413"
"2018/09/18","1.65","2.337","2.422"
"2018/09/19","1.65","2.374","2.438"
"2018/09/20","1.65","2.428","2.476"
"2018/09/21","1.65","2.412","2.463"
"2018/09/27","1.65","2.375","2.450"
"2018/09/28","1.65","2.357","2.449"
"2018/10/01","1.65","2.384","2.464"
"2018/10/02","1.65","2.371","2.460"
"2018/10/04","1.65","2.445","2.506"
"2018/10/05","1.65","2.453","2.522"
"2018/10/08","1.65","2.453","2.528"
"2018/10/10","1.65","2.413","2.497"
"2018/10/11","1.65","2.361","2.455"
"2018/10/12","1.66","2.399","2.486"
"2018/10/15","1.67","2.380","2.485"
"2018/10/16","1.68","2.380","2.482"
"2018/10/17","1.68","2.341","2.463"
"2018/10/18","1.69","2.293","2.423"
"2018/10/19","1.70","2.318","2.432"
"2018/10/22","1.70","2.344","2.451"
"2018/10/23","1.70","2.307","2.432"
"2018/10/24","1.70","2.309","2.445"
"2018/10/25","1.70","2.269","2.426"
"2018/10/26","1.70","2.248","2.413"
"2018/10/29","1.70","2.171","2.344"
"2018/10/30","1.70","2.221","2.384"
"2018/10/31","1.70","2.243","2.393"
"2018/11/01","1.70","2.251","2.394"
"2018/11/02","1.70","2.283","2.431"
"2018/11/05","1.70","2.279","2.432"
"2018/11/06","1.70","2.295","2.436"
"2018/11/07","1.70","2.259","2.419"
"2018/11/08","1.70","2.257","2.420"
"2018/11/09","1.70","2.233","2.416"
"2018/11/12","1.70","2.210","2.406"
"2018/11/13","1.70","2.211","2.402"
"2018/11/14","1.70","2.195","2.390"
"2018/11/15","1.70","2.231","2.409"
"2018/11/16","1.70","2.220","2.411"
"2018/11/19","1.70","2.201","2.405"
"2018/11/20","1.70","2.206","2.405"
"2018/11/21","1.70","2.209","2.409"
"2018/11/22","1.70","2.206","2.406"
"2018/11/23","1.70","2.169","2.388"
"2018/11/26","1.70","2.167","2.388"
"2018/11/27","1.70","2.150","2.380"
"2018/11/28","1.70","2.155","2.388"
"2018/11/29","1.70","2.114","2.360"
"2018/11/30","1.90","2.106","2.367"
"2018/12/03","1.90","2.128","2.388"
"2018/12/04","1.90","2.102","2.382"
"2018/12/05","1.90","2.058","2.372"
"2018/12/06","1.90","1.983","2.319"
"2018/12/07","1.90","1.993","2.313"
"2018/12/10","1.90","1.978","2.293"
"2018/12/11","1.90","1.980","2.284"
"2018/12/12","1.90","2.010","2.292"
"2018/12/13","1.90","2.018","2.288"
"2018/12/14","1.90","2.002","2.277"
"2018/12/17","1.90","2.004","2.283"
"2018/12/18","1.90","1.981","2.282"
"2018/12/19","1.90","1.932","2.272"
"2018/12/20","1.90","1.932","2.283"
"2018/12/21","1.90","1.970","2.310"
"2018/12/24","1.90","1.990","2.313"
"2018/12/26","1.92","1.948","2.279"
"2018/12/27","1.92","1.943","2.282"
"2018/12/28","1.93","1.948","2.287"
"2018/12/31","1.93","1.948","2.287"
"2019/01/02","1.93","1.948","2.270"
"2019/01/03","1.92","1.955","2.265"
"2019/01/04","1.86","1.972","2.259"
"2019/01/07","1.86","1.977","2.268"
"2019/01/08","1.86","1.994","2.269"
"2019/01/09","1.86","1.985","2.270"
"2019/01/10","1.86","1.964","2.259"
"2019/01/11","1.86","1.992","2.262"
"2019/01/14","1.86","1.973","2.257"
"2019/01/15","1.86","1.968","2.258"
"2019/01/16","1.86","1.982","2.258"
"2019/01/17","1.86","1.976","2.255"
"2019/01/18","1.86","2.008","2.267"
"2019/01/21","1.86","2.028","2.271"
"2019/01/22","1.86","1.997","2.255"
"2019/01/23","1.86","1.984","2.256"
"2019/01/24","1.86","1.993","2.261"
"2019/01/25","1.86","2.005","2.261"
"2019/01/28","1.86","2.019","2.267"
"2019/01/29","1.86","2.035","2.269"
"2019/01/30","1.86","2.051","2.272"
"2019/01/31","1.86","2.001","2.256"
"2019/02/01","1.86","1.983","2.251"
"2019/02/07","1.86","1.995","2.249"
"2019/02/08","1.86","1.965","2.234"
"2019/02/11","1.86","1.943","2.229"
"2019/02/12","1.86","1.978","2.242"
"2019/02/13","1.86","1.987","2.247"
"2019/02/14","1.86","1.990","2.242"
"2019/02/15","1.86","1.962","2.231"
"2019/02/18","1.87","1.997","2.251"
"2019/02/19","1.88","1.996","2.249"
"2019/02/20","1.89","1.992","2.252"
"2019/02/21","1.89","2.010","2.258"
"2019/02/22","1.89","2.008","2.260"
"2019/02/25","1.89","2.012","2.265"
"2019/02/26","1.89","2.003","2.261"
"2019/02/27","1.89","1.985","2.254"
"2019/02/28","1.89","1.987","2.261"
"2019/03/04","1.89","2.027","2.281"
"2019/03/05","1.89","2.029","2.283"
"2019/03/06","1.89","2.021","2.278"
"2019/03/07","1.89","2.005","2.269"
"2019/03/08","1.89","1.973","2.255"
"2019/03/11","1.89","1.986","2.261"
"2019/03/12","1.89","1.991","2.262"
"2019/03/13","1.89","1.966","2.248"
"2019/03/14","1.89","1.978","2.246"
"2019/03/15","1.90","1.989","2.256"
"2019/03/18","1.90","1.994","2.264"
"2019/03/19","1.90","1.979","2.262"
"2019/03/20","1.90","1.981","2.265"
"2019/03/21","1.90","1.932","2.247"
"2019/03/22","1.90","1.934","2.254"
"2019/03/25","1.90","1.888","2.225"
"2019/03/26","1.90","1.905","2.217"
"2019/03/27","1.90","1.845","2.187"
"2019/03/28","1.90","1.810","2.151"
"2019/03/29","1.90","1.833","2.163"
"2019/04/01","1.90","1.866","2.197"
"2019/04/02","1.89","1.856","2.178"
"2019/04/03","1.87","1.889","2.193"
"2019/04/04","1.87","1.877","2.194"
"2019/04/05","1.86","1.893","2.207"
"2019/04/08","1.86","1.868","2.196"
"2019/04/09","1.86","1.872","2.197"
"2019/04/10","1.86","1.871","2.201"
"2019/04/11","1.86","1.867","2.202"
"2019/04/12","1.86","1.881","2.204"
"2019/04/15","1.86","1.926","2.230"
"2019/04/16","1.86","1.932","2.234"
"2019/04/17","1.86","1.947","2.249"
"2019/04/18","1.86","1.893","2.215"
"2019/04/19","1.86","1.899","2.228"
"2019/04/22","1.85","1.929","2.241"
"2019/04/23","1.85","1.923","2.238"
"2019/04/24","1.85","1.912","2.219"
"2019/04/25","1.85","1.879","2.195"
"2019/04/26","1.84","1.876","2.191"
"2019/04/29","1.84","1.864","2.184"
"2019/04/30","1.84","1.845","2.171"
"2019/05/02","1.84","1.885","2.201"
"2019/05/03","1.84","1.900","2.204"
"2019/05/07","1.84","1.885","2.189"
"2019/05/08","1.84","1.878","2.184"
"2019/05/09","1.84","1.861","2.176"
"2019/05/10","1.84","1.873","2.187"
"2019/05/13","1.84","1.874","2.186"
"2019/05/14","1.84","1.868","2.177"
"2019/05/15","1.84","1.865","2.175"
"2019/05/16","1.84","1.820","2.146"
"2019/05/17","1.84","1.822","2.145"
"2019/05/20","1.84","1.847","2.157"
"2019/05/21","1.84","1.830","2.142"
"2019/05/22","1.84","1.828","2.144"
"2019/05/23","1.84","1.808","2.131"
"2019/05/24","1.84","1.792","2.126"
"2019/05/27","1.84","1.797","2.131"
"2019/05/28","1.84","1.793","2.130"
"2019/05/29","1.84","1.741","2.103"
"2019/05/30","1.84","1.741","2.110"
"2019/05/31","1.84","1.682","2.075"
"2019/06/03","1.82","1.691","2.074"
"2019/06/04","1.82","1.684","2.070"
"2019/06/05","1.82","1.654","2.050"
"2019/06/07","1.82","1.656","2.047"
"2019/06/10","1.82","1.661","2.048"
"2019/06/11","1.82","1.680","2.053"
"2019/06/12","1.81","1.600","1.999"
"2019/06/13","1.81","1.613","2.002"
"2019/06/14","1.81","1.591","1.989"
"2019/06/17","1.80","1.621","2.005"
"2019/06/18","1.80","1.614","2.007"
"2019/06/19","1.80","1.601","1.995"
"2019/06/20","1.80","1.545","1.939"
"2019/06/21","1.80","1.569","1.949"
"2019/06/24","1.79","1.563","1.949"
"2019/06/25","1.79","1.584","1.971"
"2019/06/26","1.78","1.605","1.982"
"2019/06/27","1.78","1.616","1.984"
"2019/06/28","1.78","1.596","1.967"
"2019/07/01","1.78","1.608","1.974"
"2019/07/02","1.78","1.586","1.958"
"2019/07/03","1.78","1.534","1.925"
"2019/07/04","1.78","1.523","1.915"
"2019/07/05","1.78","1.533","1.923"
"2019/07/08","1.78","1.530","1.922"
"2019/07/09","1.78","1.538","1.923"
"2019/07/10","1.78","1.562","1.938"
"2019/07/11","1.78","1.547","1.920"
"2019/07/12","1.78","1.569","1.927"
"2019/07/15","1.78","1.582","1.937"
"2019/07/16","1.78","1.573","1.934"
"2019/07/17","1.73","1.546","1.903"
"2019/07/18","1.61","1.472","1.850"
"2019/07/19","1.59","1.456","1.832"
"2019/07/22","1.59","1.465","1.837"
"2019/07/23","1.59","1.472","1.843"
"2019/07/24","1.56","1.465","1.830"
"2019/07/25","1.54","1.431","1.809"
"2019/07/26","1.53","1.426","1.817"
"2019/07/29","1.53","1.412","1.817"
"2019/07/30","1.52","1.409","1.812"
"2019/07/31","1.50","1.390","1.803"
"2019/08/01","1.50","1.410","1.822"
"2019/08/02","1.50","1.349","1.773"
"2019/08/05","1.50","1.253","1.693"
"2019/08/06","1.49","1.256","1.688"
"2019/08/07","1.49","1.251","1.678"
"2019/08/08","1.49","1.270","1.691"
"2019/08/09","1.49","1.286","1.707"
"2019/08/12","1.49","1.285","1.706"
"2019/08/13","1.49","1.229","1.678"
"2019/08/14","1.49","1.231","1.678"
"2019/08/16","1.49","1.172","1.626"
"2019/08/19","1.49","1.184","1.628"
"2019/08/20","1.49","1.198","1.636"
"2019/08/21","1.49","1.277","1.685"
"2019/08/22","1.49","1.229","1.658"
"2019/08/23","1.49","1.261","1.691"
"2019/08/26","1.49","1.191","1.648"
"2019/08/27","1.49","1.238","1.695"
"2019/08/28","1.49","1.244","1.701"
"2019/08/29","1.49","1.248","1.691"
"2019/08/30","1.49","1.276","1.693"
"2019/09/02","1.49","1.344","1.740"
"2019/09/03","1.49","1.331","1.734"
"2019/09/04","1.50","1.344","1.741"
"2019/09/05","1.53","1.367","1.760"
"2019/09/06","1.54","1.381","1.769"
"2019/09/09","1.54","1.353","1.742"
"2019/09/10","1.54","1.370","1.748"
"2019/09/11","1.54","1.397","1.764"
"2019/09/16","1.54","1.536","1.850"
"2019/09/17","1.54","1.500","1.822"
"2019/09/18","1.54","1.468","1.816"
"2019/09/19","1.55","1.463","1.835"
"2019/09/20","1.55","1.455","1.836"
"2019/09/23","1.55","1.462","1.837"
"2019/09/24","1.55","1.454","1.829"
"2019/09/25","1.55","1.424","1.807"
"2019/09/26","1.55","1.433","1.806"
"2019/09/27","1.55","1.438","1.806"
"2019/09/30","1.55","1.456","1.800"
"2019/10/01","1.55","1.498","1.824"
"2019/10/02","1.55","1.497","1.806"
"2019/10/04","1.55","1.373","1.717"
"2019/10/07","1.55","1.386","1.738"
"2019/10/08","1.55","1.429","1.766"
"2019/10/10","1.55","1.459","1.779"
"2019/10/11","1.55","1.488","1.785"
"2019/10/14","1.55","1.488","1.787"
"2019/10/15","1.55","1.499","1.791"
"2019/10/16","1.36","1.530","1.827"
"2019/10/17","1.36","1.578","1.879"
"2019/10/18","1.36","1.587","1.880"
"2019/10/21","1.36","1.660","1.912"
"2019/10/22","1.36","1.655","1.885"
"2019/10/23","1.36","1.654","1.894"
"2019/10/24","1.37","1.641","1.905"
"2019/10/25","1.37","1.677","1.943"
"2019/10/28","1.44","1.765","2.018"
"2019/10/29","1.44","1.777","1.994"
"2019/10/30","1.44","1.753","1.981"
"2019/10/31","1.44","1.728","1.973"
"2019/11/01","1.44","1.732","1.976"
"2019/11/04","1.46","1.827","2.053"
"2019/11/05","1.49","1.817","2.026"
"2019/11/06","1.50","1.820","2.033"
"2019/11/07","1.52","1.822","2.048"
"2019/11/08","1.52","1.803","2.023"
"2019/11/11","1.53","1.788","2.011"
"2019/11/12","1.53","1.842","2.064"
"2019/11/13","1.53","1.787","2.015"
"2019/11/14","1.53","1.785","2.016"
"2019/11/15","1.53","1.790","2.019"
"2019/11/18","1.53","1.781","2.023"
"2019/11/19","1.53","1.734","1.995"
"2019/11/20","1.53","1.671","1.965"
"2019/11/21","1.53","1.672","1.978"
"2019/11/22","1.53","1.687","1.972"
"2019/11/25","1.53","1.725","1.988"
"2019/11/26","1.53","1.707","1.989"
"2019/11/27","1.53","1.671","1.975"
"2019/11/28","1.53","1.667","1.957"
"2019/11/29","1.53","1.630","1.922"
"2019/12/02","1.53","1.688","1.957"
"2019/12/03","1.53","1.736","1.986"
"2019/12/04","1.53","1.657","1.939"
"2019/12/05","1.53","1.661","1.957"
"2019/12/06","1.53","1.680","1.969"
"2019/12/09","1.53","1.664","1.955"
"2019/12/10","1.53","1.616","1.949"
"2019/12/11","1.53","1.621","1.942"
"2019/12/12","1.53","1.619","1.942"
"2019/12/13","1.53","1.649","1.962"
"2019/12/16","1.53","1.612","1.935"
"2019/12/17","1.53","1.605","1.930"
"2019/12/18","1.53","1.606","1.927"
"2019/12/19","1.53","1.655","1.949"
"2019/12/20","1.53","1.673","1.959"
"2019/12/23","1.53","1.642","1.951"
"2019/12/24","1.53","1.631","1.945"
"2019/12/26","1.53","1.641","1.941"
"2019/12/27","1.53","1.683","1.944"
"2019/12/30","1.53","1.683","1.937"
"2019/12/31","1.53","1.683","1.937"