변환,원자료,원자료
"2009/01/02","3.420","12.040"
"2009/01/05","3.350","11.870"
"2009/01/06","3.340","11.850"
"2009/01/07","3.450","11.900"
"2009/01/08","3.260","11.700"
"2009/01/09","3.480","11.900"
"2009/01/12","3.530","11.920"
"2009/01/13","3.500","11.910"
"2009/01/14","3.360","11.810"
"2009/01/15","3.560","11.990"
"2009/01/16","3.610","12.050"
"2009/01/19","3.420","11.960"
"2009/01/20","3.480","12.020"
"2009/01/21","3.390","11.990"
"2009/01/22","3.390","12.010"
"2009/01/23","3.380","11.980"
"2009/01/28","3.360","11.960"
"2009/01/29","3.410","12.010"
"2009/01/30","3.590","12.160"
"2009/02/02","3.780","12.420"
"2009/02/03","3.840","12.550"
"2009/02/04","3.700","12.460"
"2009/02/05","3.790","12.540"
"2009/02/06","3.730","12.460"
"2009/02/09","3.740","12.420"
"2009/02/10","3.730","12.400"
"2009/02/11","3.660","12.310"
"2009/02/12","3.620","12.250"
"2009/02/13","3.570","12.180"
"2009/02/16","3.690","12.200"
"2009/02/17","3.970","12.490"
"2009/02/18","3.740","12.410"
"2009/02/19","3.750","12.370"
"2009/02/20","3.920","12.440"
"2009/02/23","3.830","12.390"
"2009/02/24","3.900","12.460"
"2009/02/25","3.990","12.540"
"2009/02/26","3.880","12.440"
"2009/02/27","3.820","12.350"
"2009/03/02","3.870","12.380"
"2009/03/03","3.740","12.280"
"2009/03/04","3.700","12.220"
"2009/03/05","3.710","12.220"
"2009/03/06","3.630","12.140"
"2009/03/09","3.660","12.160"
"2009/03/10","3.620","12.090"
"2009/03/11","3.690","12.130"
"2009/03/12","3.620","12.050"
"2009/03/13","3.720","12.130"
"2009/03/16","3.740","12.150"
"2009/03/17","3.620","12.040"
"2009/03/18","3.660","12.060"
"2009/03/19","3.490","11.930"
"2009/03/20","3.490","11.940"
"2009/03/23","3.550","11.970"
"2009/03/24","3.640","12.050"
"2009/03/25","3.640","12.040"
"2009/03/26","3.710","12.100"
"2009/03/27","3.740","12.100"
"2009/03/30","3.890","12.190"
"2009/03/31","3.940","12.190"
"2009/04/01","3.830","12.060"
"2009/04/02","3.870","12.040"
"2009/04/03","3.950","12.030"
"2009/04/06","3.990","12.060"
"2009/04/07","3.940","12.020"
"2009/04/08","3.890","11.970"
"2009/04/09","3.880","11.960"
"2009/04/10","3.880","11.960"
"2009/04/13","3.880","11.950"
"2009/04/14","3.780","11.870"
"2009/04/15","3.750","11.820"
"2009/04/16","3.800","11.850"
"2009/04/17","3.720","11.780"
"2009/04/20","3.700","11.750"
"2009/04/21","3.690","11.730"
"2009/04/22","3.720","11.750"
"2009/04/23","3.700","11.720"
"2009/04/24","3.570","11.540"
"2009/04/27","3.580","11.550"
"2009/04/28","3.500","11.440"
"2009/04/29","3.510","11.460"
"2009/04/30","3.590","11.520"
"2009/05/04","3.780","11.680"
"2009/05/06","3.800","11.670"
"2009/05/07","3.910","11.700"
"2009/05/08","3.900","11.690"
"2009/05/11","3.930","11.710"
"2009/05/12","3.830","11.580"
"2009/05/13","3.850","11.470"
"2009/05/14","3.770","11.350"
"2009/05/15","3.790","11.350"
"2009/05/18","3.750","11.310"
"2009/05/19","3.860","11.360"
"2009/05/20","3.870","11.360"
"2009/05/21","3.840","11.310"
"2009/05/22","3.850","11.300"
"2009/05/25","3.810","11.250"
"2009/05/26","3.790","11.240"
"2009/05/27","3.820","11.250"
"2009/05/28","3.870","11.290"
"2009/05/29","3.830","11.250"
"2009/06/01","3.810","11.220"
"2009/06/02","3.930","11.240"
"2009/06/03","3.910","11.200"
"2009/06/04","3.880","11.170"
"2009/06/05","3.870","11.160"
"2009/06/08","4.020","11.310"
"2009/06/09","4.030","11.350"
"2009/06/10","4.040","11.350"
"2009/06/11","4.220","11.530"
"2009/06/12","4.300","11.590"
"2009/06/15","4.270","11.570"
"2009/06/16","4.250","11.550"
"2009/06/17","4.240","11.530"
"2009/06/18","4.200","11.490"
"2009/06/19","4.170","11.460"
"2009/06/22","4.200","11.480"
"2009/06/23","4.120","11.410"
"2009/06/24","4.070","11.370"
"2009/06/25","4.170","11.470"
"2009/06/26","4.120","11.430"
"2009/06/29","4.100","11.400"
"2009/06/30","4.160","11.470"
"2009/07/01","4.080","11.420"
"2009/07/02","4.060","11.410"
"2009/07/03","4.040","11.390"
"2009/07/06","4.090","11.430"
"2009/07/07","4.130","11.490"
"2009/07/08","4.060","11.460"
"2009/07/09","4.000","11.400"
"2009/07/10","3.910","11.350"
"2009/07/13","3.950","11.390"
"2009/07/14","3.960","11.400"
"2009/07/15","3.990","11.430"
"2009/07/16","3.990","11.440"
"2009/07/17","4.100","11.550"
"2009/07/20","4.180","11.640"
"2009/07/21","4.160","11.630"
"2009/07/22","4.210","11.670"
"2009/07/23","4.160","11.640"
"2009/07/24","4.160","11.640"
"2009/07/27","4.170","11.650"
"2009/07/28","4.160","11.650"
"2009/07/29","4.170","11.670"
"2009/07/30","4.150","11.650"
"2009/07/31","4.260","11.750"
"2009/08/03","4.370","11.850"
"2009/08/04","4.350","11.840"
"2009/08/05","4.430","11.890"
"2009/08/06","4.490","11.940"
"2009/08/07","4.460","11.930"
"2009/08/10","4.470","11.950"
"2009/08/11","4.410","11.890"
"2009/08/12","4.450","11.920"
"2009/08/13","4.520","11.970"
"2009/08/14","4.610","12.030"
"2009/08/17","4.460","11.920"
"2009/08/18","4.510","11.950"
"2009/08/19","4.370","11.830"
"2009/08/20","4.390","11.850"
"2009/08/21","4.340","11.800"
"2009/08/24","4.400","11.850"
"2009/08/25","4.340","11.800"
"2009/08/26","4.360","11.780"
"2009/08/27","4.310","11.740"
"2009/08/28","4.350","11.780"
"2009/08/31","4.380","11.810"
"2009/09/01","4.370","11.810"
"2009/09/02","4.310","11.750"
"2009/09/03","4.280","11.720"
"2009/09/04","4.300","11.730"
"2009/09/07","4.330","11.750"
"2009/09/08","4.310","11.710"
"2009/09/09","4.290","11.690"
"2009/09/10","4.500","11.860"
"2009/09/11","4.490","11.840"
"2009/09/14","4.490","11.840"
"2009/09/15","4.470","11.810"
"2009/09/16","4.400","11.750"
"2009/09/17","4.400","11.750"
"2009/09/18","4.370","11.720"
"2009/09/21","4.430","11.770"
"2009/09/22","4.490","11.820"
"2009/09/23","4.470","11.800"
"2009/09/24","4.440","11.780"
"2009/09/25","4.430","11.760"
"2009/09/28","4.450","11.780"
"2009/09/29","4.470","11.800"
"2009/09/30","4.390","11.740"
"2009/10/01","4.360","11.720"
"2009/10/05","4.340","11.700"
"2009/10/06","4.440","11.800"
"2009/10/07","4.450","11.800"
"2009/10/08","4.470","11.810"
"2009/10/09","4.360","11.700"
"2009/10/12","4.390","11.730"
"2009/10/13","4.370","11.710"
"2009/10/14","4.370","11.710"
"2009/10/15","4.430","11.750"
"2009/10/16","4.560","11.870"
"2009/10/19","4.540","11.860"
"2009/10/20","4.550","11.870"
"2009/10/21","4.530","11.850"
"2009/10/22","4.550","11.870"
"2009/10/23","4.590","11.910"
"2009/10/26","4.620","11.940"
"2009/10/27","4.540","11.850"
"2009/10/28","4.510","11.830"
"2009/10/29","4.450","11.770"
"2009/10/30","4.440","11.770"
"2009/11/02","4.430","11.750"
"2009/11/03","4.430","11.740"
"2009/11/04","4.470","11.780"
"2009/11/05","4.460","11.760"
"2009/11/06","4.460","11.770"
"2009/11/09","4.490","11.780"
"2009/11/10","4.470","11.740"
"2009/11/11","4.420","11.710"
"2009/11/12","4.340","11.630"
"2009/11/13","4.270","11.580"
"2009/11/16","4.290","11.600"
"2009/11/17","4.240","11.520"
"2009/11/18","4.270","11.550"
"2009/11/19","4.240","11.510"
"2009/11/20","4.260","11.520"
"2009/11/23","4.300","11.560"
"2009/11/24","4.280","11.540"
"2009/11/25","4.250","11.510"
"2009/11/26","4.200","11.460"
"2009/11/27","4.050","11.330"
"2009/11/30","4.100","11.360"
"2009/12/01","4.050","11.310"
"2009/12/02","4.130","11.380"
"2009/12/03","4.120","11.370"
"2009/12/04","4.160","11.410"
"2009/12/07","4.240","11.480"
"2009/12/08","4.200","11.430"
"2009/12/09","4.170","11.390"
"2009/12/10","4.260","11.470"
"2009/12/11","4.220","11.430"
"2009/12/14","4.250","11.440"
"2009/12/15","4.180","11.380"
"2009/12/16","4.250","11.440"
"2009/12/17","4.240","11.440"
"2009/12/18","4.200","11.390"
"2009/12/21","4.190","11.390"
"2009/12/22","4.310","11.500"
"2009/12/23","4.280","11.470"
"2009/12/24","4.320","11.510"
"2009/12/28","4.360","11.540"
"2009/12/29","4.390","11.560"
"2009/12/30","4.410","11.580"
"2009/12/31","4.410","11.580"
"2010/01/04","4.440","11.610"
"2010/01/05","4.360","11.530"
"2010/01/06","4.430","11.580"
"2010/01/07","4.320","11.490"
"2010/01/08","4.360","11.530"
"2010/01/11","4.270","11.440"
"2010/01/12","4.250","11.420"
"2010/01/13","4.260","11.440"
"2010/01/14","4.230","11.420"
"2010/01/15","4.240","11.440"
"2010/01/18","4.280","11.480"
"2010/01/19","4.240","11.440"
"2010/01/20","4.240","11.440"
"2010/01/21","4.260","11.450"
"2010/01/22","4.240","11.430"
"2010/01/25","4.260","11.450"
"2010/01/26","4.210","11.400"
"2010/01/27","4.230","11.430"
"2010/01/28","4.310","11.500"
"2010/01/29","4.270","11.460"
"2010/02/01","4.300","11.490"
"2010/02/02","4.270","11.470"
"2010/02/03","4.270","11.470"
"2010/02/04","4.260","11.460"
"2010/02/05","4.220","11.420"
"2010/02/08","4.260","11.460"
"2010/02/09","4.270","11.460"
"2010/02/10","4.270","11.460"
"2010/02/11","4.180","11.380"
"2010/02/12","4.120","11.320"
"2010/02/16","4.120","11.320"
"2010/02/17","4.100","11.310"
"2010/02/18","4.100","11.310"
"2010/02/19","4.180","11.380"
"2010/02/22","4.200","11.400"
"2010/02/23","4.160","11.360"
"2010/02/24","4.140","11.340"
"2010/02/25","4.090","11.290"
"2010/02/26","4.100","11.300"
"2010/03/02","4.110","11.310"
"2010/03/03","4.090","11.290"
"2010/03/04","4.080","11.280"
"2010/03/05","4.100","11.290"
"2010/03/08","4.120","11.310"
"2010/03/09","4.100","11.290"
"2010/03/10","4.080","11.270"
"2010/03/11","3.970","11.160"
"2010/03/12","3.930","11.120"
"2010/03/15","3.930","11.120"
"2010/03/16","3.840","11.020"
"2010/03/17","3.800","10.960"
"2010/03/18","3.760","10.910"
"2010/03/19","3.790","10.910"
"2010/03/22","3.770","10.870"
"2010/03/23","3.900","10.970"
"2010/03/24","3.940","11.000"
"2010/03/25","3.820","10.890"
"2010/03/26","3.840","10.900"
"2010/03/29","3.920","10.950"
"2010/03/30","3.900","10.950"
"2010/03/31","3.890","10.930"
"2010/04/01","3.840","10.880"
"2010/04/02","3.840","10.880"
"2010/04/05","3.850","10.890"
"2010/04/06","3.840","10.890"
"2010/04/07","3.820","10.870"
"2010/04/08","3.740","10.790"
"2010/04/09","3.770","10.820"
"2010/04/12","3.850","10.900"
"2010/04/13","3.830","10.860"
"2010/04/14","3.870","10.890"
"2010/04/15","3.850","10.850"
"2010/04/16","3.800","10.780"
"2010/04/19","3.780","10.740"
"2010/04/20","3.760","10.710"
"2010/04/21","3.800","10.710"
"2010/04/22","3.770","10.690"
"2010/04/23","3.760","10.660"
"2010/04/26","3.750","10.650"
"2010/04/27","3.660","10.560"
"2010/04/28","3.620","10.520"
"2010/04/29","3.580","10.490"
"2010/04/30","3.610","10.510"
"2010/05/03","3.700","10.570"
"2010/05/04","3.710","10.580"
"2010/05/06","3.790","10.620"
"2010/05/07","3.690","10.520"
"2010/05/10","3.710","10.540"
"2010/05/11","3.640","10.470"
"2010/05/12","3.770","10.570"
"2010/05/13","3.790","10.590"
"2010/05/14","3.780","10.580"
"2010/05/17","3.780","10.580"
"2010/05/18","3.770","10.580"
"2010/05/19","3.760","10.580"
"2010/05/20","3.740","10.560"
"2010/05/24","3.640","10.480"
"2010/05/25","3.590","10.450"
"2010/05/26","3.610","10.490"
"2010/05/27","3.600","10.490"
"2010/05/28","3.610","10.510"
"2010/05/31","3.580","10.490"
"2010/06/01","3.570","10.480"
"2010/06/03","3.630","10.520"
"2010/06/04","3.680","10.560"
"2010/06/07","3.600","10.500"
"2010/06/08","3.630","10.500"
"2010/06/09","3.610","10.480"
"2010/06/10","3.640","10.520"
"2010/06/11","3.680","10.560"
"2010/06/14","3.710","10.580"
"2010/06/15","3.730","10.600"
"2010/06/16","3.720","10.590"
"2010/06/17","3.700","10.580"
"2010/06/18","3.720","10.600"
"2010/06/21","3.880","10.730"
"2010/06/22","3.900","10.750"
"2010/06/23","3.930","10.780"
"2010/06/24","3.900","10.760"
"2010/06/25","3.900","10.760"
"2010/06/28","3.950","10.790"
"2010/06/29","3.890","10.740"
"2010/06/30","3.860","10.720"
"2010/07/01","3.800","10.680"
"2010/07/02","3.820","10.690"
"2010/07/05","3.850","10.720"
"2010/07/06","3.840","10.700"
"2010/07/07","3.900","10.750"
"2010/07/08","3.940","10.790"
"2010/07/09","3.940","10.790"
"2010/07/12","3.960","10.810"
"2010/07/13","3.960","10.810"
"2010/07/14","3.980","10.830"
"2010/07/15","3.940","10.800"
"2010/07/16","3.920","10.790"
"2010/07/19","3.920","10.780"
"2010/07/20","3.920","10.780"
"2010/07/21","3.870","10.750"
"2010/07/22","3.820","10.710"
"2010/07/23","3.850","10.730"
"2010/07/26","3.880","10.750"
"2010/07/27","3.860","10.730"
"2010/07/28","3.860","10.730"
"2010/07/29","3.800","10.700"
"2010/07/30","3.800","10.700"
"2010/08/02","3.860","10.740"
"2010/08/03","3.870","10.740"
"2010/08/04","3.840","10.720"
"2010/08/05","3.870","10.750"
"2010/08/06","3.890","10.770"
"2010/08/09","3.920","10.790"
"2010/08/10","3.910","10.780"
"2010/08/11","3.830","10.710"
"2010/08/12","3.760","10.650"
"2010/08/13","3.730","10.630"
"2010/08/16","3.740","10.630"
"2010/08/17","3.760","10.640"
"2010/08/18","3.700","10.590"
"2010/08/19","3.680","10.560"
"2010/08/20","3.610","10.510"
"2010/08/23","3.620","10.520"
"2010/08/24","3.580","10.490"
"2010/08/25","3.570","10.490"
"2010/08/26","3.540","10.470"
"2010/08/27","3.560","10.480"
"2010/08/30","3.580","10.490"
"2010/08/31","3.550","10.470"
"2010/09/01","3.650","10.540"
"2010/09/02","3.600","10.500"
"2010/09/03","3.650","10.540"
"2010/09/06","3.690","10.580"
"2010/09/07","3.630","10.530"
"2010/09/08","3.610","10.510"
"2010/09/09","3.350","10.270"
"2010/09/10","3.400","10.320"
"2010/09/13","3.430","10.330"
"2010/09/14","3.390","10.290"
"2010/09/15","3.430","10.310"
"2010/09/16","3.390","10.270"
"2010/09/17","3.450","10.300"
"2010/09/20","3.500","10.340"
"2010/09/24","3.440","10.270"
"2010/09/27","3.390","10.250"
"2010/09/28","3.370","10.230"
"2010/09/29","3.340","10.210"
"2010/09/30","3.320","10.190"
"2010/10/01","3.260","10.140"
"2010/10/04","3.300","10.180"
"2010/10/05","3.290","10.170"
"2010/10/06","3.310","10.190"
"2010/10/07","3.310","10.190"
"2010/10/08","3.270","10.170"
"2010/10/11","3.280","10.180"
"2010/10/12","3.260","10.150"
"2010/10/13","3.280","10.170"
"2010/10/14","3.080","10.000"
"2010/10/15","3.050","9.980"
"2010/10/18","3.060","10.000"
"2010/10/19","3.200","10.130"
"2010/10/20","3.260","10.190"
"2010/10/21","3.290","10.220"
"2010/10/22","3.230","10.170"
"2010/10/25","3.290","10.220"
"2010/10/26","3.250","10.160"
"2010/10/27","3.300","10.190"
"2010/10/28","3.230","10.110"
"2010/10/29","3.250","10.130"
"2010/11/01","3.350","10.220"
"2010/11/02","3.410","10.260"
"2010/11/03","3.430","10.260"
"2010/11/04","3.500","10.320"
"2010/11/05","3.600","10.400"
"2010/11/08","3.550","10.390"
"2010/11/09","3.580","10.410"
"2010/11/10","3.510","10.360"
"2010/11/11","3.480","10.340"
"2010/11/12","3.460","10.320"
"2010/11/15","3.470","10.340"
"2010/11/16","3.320","10.230"
"2010/11/17","3.350","10.230"
"2010/11/18","3.330","10.220"
"2010/11/19","3.320","10.210"
"2010/11/22","3.380","10.240"
"2010/11/23","3.420","10.270"
"2010/11/24","3.340","10.210"
"2010/11/25","3.310","10.190"
"2010/11/26","3.300","10.200"
"2010/11/29","3.220","10.130"
"2010/11/30","3.190","10.100"
"2010/12/01","3.210","10.120"
"2010/12/02","3.180","10.110"
"2010/12/03","3.120","10.080"
"2010/12/06","3.110","10.070"
"2010/12/07","2.890","10.080"
"2010/12/08","3.080","10.180"
"2010/12/09","3.170","10.180"
"2010/12/10","3.140","10.170"
"2010/12/13","3.260","10.250"
"2010/12/14","3.300","10.260"
"2010/12/15","3.430","10.360"
"2010/12/16","3.350","10.320"
"2010/12/17","3.360","10.330"
"2010/12/20","3.350","10.320"
"2010/12/21","3.240","10.230"
"2010/12/22","3.190","10.170"
"2010/12/23","3.230","10.180"
"2010/12/24","3.280","10.190"
"2010/12/27","3.350","10.240"
"2010/12/28","3.370","10.250"
"2010/12/29","3.380","10.250"
"2010/12/30","3.380","10.260"
"2010/12/31","3.380","10.260"
"2011/01/03","3.500","10.310"
"2011/01/04","3.500","10.320"
"2011/01/05","3.500","10.330"
"2011/01/06","3.580","10.400"
"2011/01/07","3.590","10.410"
"2011/01/10","3.570","10.400"
"2011/01/11","3.600","10.420"
"2011/01/12","3.540","10.380"
"2011/01/13","3.640","10.470"
"2011/01/14","3.690","10.510"
"2011/01/17","3.710","10.530"
"2011/01/18","3.660","10.500"
"2011/01/19","3.790","10.610"
"2011/01/20","3.810","10.630"
"2011/01/21","3.810","10.640"
"2011/01/24","3.880","10.690"
"2011/01/25","3.900","10.700"
"2011/01/26","3.880","10.680"
"2011/01/27","3.860","10.660"
"2011/01/28","3.880","10.670"
"2011/01/31","3.960","10.740"
"2011/02/01","3.980","10.760"
"2011/02/07","4.100","10.860"
"2011/02/08","4.060","10.830"
"2011/02/09","4.000","10.790"
"2011/02/10","3.960","10.760"
"2011/02/11","3.940","10.750"
"2011/02/14","3.970","10.770"
"2011/02/15","3.950","10.750"
"2011/02/16","3.930","10.730"
"2011/02/17","3.960","10.760"
"2011/02/18","3.940","10.750"
"2011/02/21","3.960","10.760"
"2011/02/22","3.890","10.700"
"2011/02/23","3.890","10.700"
"2011/02/24","3.810","10.630"
"2011/02/25","3.840","10.650"
"2011/02/28","3.840","10.650"
"2011/03/02","3.840","10.660"
"2011/03/03","3.930","10.740"
"2011/03/04","3.940","10.750"
"2011/03/07","3.920","10.740"
"2011/03/08","3.890","10.720"
"2011/03/09","3.830","10.670"
"2011/03/10","3.710","10.550"
"2011/03/11","3.690","10.530"
"2011/03/14","3.640","10.480"
"2011/03/15","3.570","10.430"
"2011/03/16","3.640","10.500"
"2011/03/17","3.660","10.520"
"2011/03/18","3.650","10.520"
"2011/03/21","3.710","10.560"
"2011/03/22","3.700","10.540"
"2011/03/23","3.660","10.510"
"2011/03/24","3.660","10.510"
"2011/03/25","3.710","10.550"
"2011/03/28","3.730","10.560"
"2011/03/29","3.710","10.550"
"2011/03/30","3.740","10.580"
"2011/03/31","3.730","10.570"
"2011/04/01","3.670","10.520"
"2011/04/04","3.680","10.520"
"2011/04/05","3.690","10.530"
"2011/04/06","3.700","10.540"
"2011/04/07","3.680","10.530"
"2011/04/08","3.760","10.600"
"2011/04/11","3.780","10.610"
"2011/04/12","3.720","10.570"
"2011/04/13","3.740","10.580"
"2011/04/14","3.730","10.580"
"2011/04/15","3.720","10.570"
"2011/04/18","3.700","10.550"
"2011/04/19","3.710","10.550"
"2011/04/20","3.740","10.580"
"2011/04/21","3.780","10.610"
"2011/04/22","3.800","10.630"
"2011/04/25","3.840","10.660"
"2011/04/26","3.820","10.650"
"2011/04/27","3.820","10.650"
"2011/04/28","3.790","10.620"
"2011/04/29","3.770","10.590"
"2011/05/02","3.770","10.590"
"2011/05/03","3.780","10.590"
"2011/05/04","3.790","10.590"
"2011/05/06","3.750","10.550"
"2011/05/09","3.750","10.550"
"2011/05/11","3.720","10.530"
"2011/05/12","3.670","10.490"
"2011/05/13","3.660","10.480"
"2011/05/16","3.610","10.440"
"2011/05/17","3.620","10.450"
"2011/05/18","3.620","10.450"
"2011/05/19","3.620","10.450"
"2011/05/20","3.620","10.450"
"2011/05/23","3.580","10.410"
"2011/05/24","3.590","10.410"
"2011/05/25","3.570","10.400"
"2011/05/26","3.610","10.430"
"2011/05/27","3.600","10.420"
"2011/05/30","3.580","10.410"
"2011/05/31","3.590","10.420"
"2011/06/01","3.640","10.460"
"2011/06/02","3.570","10.400"
"2011/06/03","3.570","10.400"
"2011/06/07","3.520","10.360"
"2011/06/08","3.520","10.360"
"2011/06/09","3.570","10.390"
"2011/06/10","3.650","10.450"
"2011/06/13","3.660","10.450"
"2011/06/14","3.700","10.470"
"2011/06/15","3.680","10.460"
"2011/06/16","3.610","10.400"
"2011/06/17","3.670","10.450"
"2011/06/20","3.660","10.440"
"2011/06/21","3.670","10.450"
"2011/06/22","3.670","10.450"
"2011/06/23","3.680","10.450"
"2011/06/24","3.710","10.470"
"2011/06/27","3.720","10.470"
"2011/06/28","3.720","10.470"
"2011/06/29","3.770","10.500"
"2011/06/30","3.760","10.490"
"2011/07/01","3.770","10.500"
"2011/07/04","3.780","10.500"
"2011/07/05","3.760","10.480"
"2011/07/06","3.790","10.500"
"2011/07/07","3.790","10.500"
"2011/07/08","3.850","10.550"
"2011/07/11","3.810","10.510"
"2011/07/12","3.710","10.410"
"2011/07/13","3.710","10.420"
"2011/07/14","3.700","10.420"
"2011/07/15","3.680","10.400"
"2011/07/18","3.690","10.400"
"2011/07/19","3.710","10.410"
"2011/07/20","3.750","10.440"
"2011/07/21","3.750","10.440"
"2011/07/22","3.790","10.470"
"2011/07/25","3.820","10.500"
"2011/07/26","3.840","10.520"
"2011/07/27","3.820","10.510"
"2011/07/28","3.810","10.500"
"2011/07/29","3.850","10.540"
"2011/08/01","3.900","10.580"
"2011/08/02","3.870","10.550"
"2011/08/03","3.820","10.500"
"2011/08/04","3.770","10.450"
"2011/08/05","3.610","10.310"
"2011/08/08","3.600","10.300"
"2011/08/09","3.570","10.280"
"2011/08/10","3.450","10.150"
"2011/08/11","3.520","10.210"
"2011/08/12","3.490","10.190"
"2011/08/16","3.500","10.210"
"2011/08/17","3.540","10.240"
"2011/08/18","3.560","10.260"
"2011/08/19","3.490","10.190"
"2011/08/22","3.490","10.190"
"2011/08/23","3.520","10.220"
"2011/08/24","3.460","10.160"
"2011/08/25","3.460","10.160"
"2011/08/26","3.480","10.180"
"2011/08/29","3.510","10.210"
"2011/08/30","3.480","10.180"
"2011/08/31","3.490","10.190"
"2011/09/01","3.450","10.150"
"2011/09/02","3.440","10.150"
"2011/09/05","3.350","10.070"
"2011/09/06","3.350","10.070"
"2011/09/07","3.450","10.170"
"2011/09/08","3.400","10.120"
"2011/09/09","3.360","10.090"
"2011/09/14","3.310","10.050"
"2011/09/15","3.370","10.110"
"2011/09/16","3.400","10.140"
"2011/09/19","3.510","10.250"
"2011/09/20","3.490","10.230"
"2011/09/21","3.500","10.240"
"2011/09/22","3.490","10.230"
"2011/09/23","3.450","10.190"
"2011/09/26","3.510","10.250"
"2011/09/27","3.460","10.210"
"2011/09/28","3.530","10.280"
"2011/09/29","3.550","10.300"
"2011/09/30","3.550","10.300"
"2011/10/04","3.460","10.210"
"2011/10/05","3.440","10.190"
"2011/10/06","3.430","10.190"
"2011/10/07","3.430","10.190"
"2011/10/10","3.480","10.240"
"2011/10/11","3.480","10.240"
"2011/10/12","3.420","10.180"
"2011/10/13","3.400","10.160"
"2011/10/14","3.410","10.160"
"2011/10/17","3.460","10.210"
"2011/10/18","3.450","10.200"
"2011/10/19","3.450","10.200"
"2011/10/20","3.440","10.190"
"2011/10/21","3.490","10.240"
"2011/10/24","3.530","10.280"
"2011/10/25","3.530","10.280"
"2011/10/26","3.500","10.250"
"2011/10/27","3.530","10.280"
"2011/10/28","3.540","10.290"
"2011/10/31","3.510","10.260"
"2011/11/01","3.480","10.230"
"2011/11/02","3.470","10.220"
"2011/11/03","3.430","10.180"
"2011/11/04","3.430","10.180"
"2011/11/07","3.410","10.150"
"2011/11/08","3.390","10.110"
"2011/11/09","3.380","10.080"
"2011/11/10","3.330","10.020"
"2011/11/11","3.370","10.060"
"2011/11/14","3.390","10.090"
"2011/11/15","3.360","10.050"
"2011/11/16","3.340","10.030"
"2011/11/17","3.370","10.050"
"2011/11/18","3.360","10.030"
"2011/11/21","3.370","10.040"
"2011/11/22","3.390","10.050"
"2011/11/23","3.360","10.020"
"2011/11/24","3.380","10.040"
"2011/11/25","3.410","10.070"
"2011/11/28","3.440","10.090"
"2011/11/29","3.430","10.080"
"2011/11/30","3.380","10.030"
"2011/12/01","3.380","10.050"
"2011/12/02","3.380","10.040"
"2011/12/05","3.380","10.040"
"2011/12/06","3.340","10.040"
"2011/12/07","3.330","10.030"
"2011/12/08","3.350","10.060"
"2011/12/09","3.350","10.060"
"2011/12/12","3.360","10.050"
"2011/12/13","3.350","10.030"
"2011/12/14","3.340","10.020"
"2011/12/15","3.330","10.010"
"2011/12/16","3.330","10.010"
"2011/12/19","3.420","10.100"
"2011/12/20","3.380","10.060"
"2011/12/21","3.360","10.040"
"2011/12/22","3.360","10.040"
"2011/12/23","3.370","10.050"
"2011/12/26","3.380","10.060"
"2011/12/27","3.390","10.060"
"2011/12/28","3.390","10.060"
"2011/12/29","3.340","10.010"
"2011/12/30","3.340","10.010"
"2012/01/02","3.340","10.010"
"2012/01/03","3.350","10.020"
"2012/01/04","3.350","10.020"
"2012/01/05","3.340","10.020"
"2012/01/06","3.350","10.030"
"2012/01/09","3.380","10.050"
"2012/01/10","3.380","10.050"
"2012/01/11","3.380","10.050"
"2012/01/12","3.380","10.050"
"2012/01/13","3.370","10.040"
"2012/01/16","3.350","10.020"
"2012/01/17","3.370","10.040"
"2012/01/18","3.360","10.040"
"2012/01/19","3.380","10.050"
"2012/01/20","3.400","10.060"
"2012/01/25","3.420","10.070"
"2012/01/26","3.400","10.050"
"2012/01/27","3.380","10.030"
"2012/01/30","3.360","10.010"
"2012/01/31","3.380","10.020"
"2012/02/01","3.370","10.010"
"2012/02/02","3.380","10.020"
"2012/02/03","3.380","10.020"
"2012/02/06","3.400","10.030"
"2012/02/07","3.420","10.030"
"2012/02/08","3.440","10.030"
"2012/02/09","3.450","10.030"
"2012/02/10","3.440","10.020"
"2012/02/13","3.460","10.040"
"2012/02/14","3.440","10.020"
"2012/02/15","3.460","10.030"
"2012/02/16","3.430","10.010"
"2012/02/17","3.450","10.020"
"2012/02/20","3.470","10.030"
"2012/02/21","3.470","10.030"
"2012/02/22","3.460","10.030"
"2012/02/23","3.440","10.010"
"2012/02/24","3.450","10.010"
"2012/02/27","3.440","10.000"
"2012/02/28","3.420","9.990"
"2012/02/29","3.450","10.010"
"2012/03/02","3.480","10.030"
"2012/03/05","3.510","10.060"
"2012/03/06","3.500","10.050"
"2012/03/07","3.500","10.050"
"2012/03/08","3.480","10.030"
"2012/03/09","3.490","10.040"
"2012/03/12","3.470","10.030"
"2012/03/13","3.480","10.030"
"2012/03/14","3.520","10.060"
"2012/03/15","3.570","10.100"
"2012/03/16","3.590","10.120"
"2012/03/19","3.620","10.140"
"2012/03/20","3.600","10.120"
"2012/03/21","3.630","10.140"
"2012/03/22","3.630","10.140"
"2012/03/23","3.640","10.150"
"2012/03/26","3.620","10.130"
"2012/03/27","3.630","10.140"
"2012/03/28","3.590","10.100"
"2012/03/29","3.570","10.080"
"2012/03/30","3.550","10.060"
"2012/04/02","3.580","10.090"
"2012/04/03","3.560","10.070"
"2012/04/04","3.560","10.070"
"2012/04/05","3.560","10.060"
"2012/04/06","3.540","10.040"
"2012/04/09","3.500","10.000"
"2012/04/10","3.500","10.000"
"2012/04/12","3.500","10.000"
"2012/04/13","3.490","9.990"
"2012/04/16","3.470","9.960"
"2012/04/17","3.470","9.950"
"2012/04/18","3.490","9.950"
"2012/04/19","3.490","9.940"
"2012/04/20","3.460","9.910"
"2012/04/23","3.470","9.910"
"2012/04/24","3.470","9.900"
"2012/04/25","3.490","9.910"
"2012/04/26","3.490","9.880"
"2012/04/27","3.460","9.820"
"2012/04/30","3.450","9.790"
"2012/05/02","3.460","9.790"
"2012/05/03","3.440","9.760"
"2012/05/04","3.420","9.730"
"2012/05/07","3.380","9.680"
"2012/05/08","3.390","9.680"
"2012/05/09","3.370","9.650"
"2012/05/10","3.400","9.660"
"2012/05/11","3.370","9.610"
"2012/05/14","3.380","9.620"
"2012/05/15","3.380","9.620"
"2012/05/16","3.380","9.610"
"2012/05/17","3.390","9.620"
"2012/05/18","3.360","9.590"
"2012/05/21","3.370","9.600"
"2012/05/22","3.360","9.590"
"2012/05/23","3.360","9.590"
"2012/05/24","3.350","9.590"
"2012/05/25","3.350","9.590"
"2012/05/29","3.360","9.590"
"2012/05/30","3.350","9.580"
"2012/05/31","3.320","9.540"
"2012/06/01","3.300","9.510"
"2012/06/04","3.260","9.470"
"2012/06/05","3.280","9.490"
"2012/06/07","3.300","9.500"
"2012/06/08","3.250","9.450"
"2012/06/11","3.320","9.520"
"2012/06/12","3.290","9.490"
"2012/06/13","3.310","9.500"
"2012/06/14","3.290","9.480"
"2012/06/15","3.270","9.460"
"2012/06/18","3.300","9.490"
"2012/06/19","3.290","9.480"
"2012/06/20","3.310","9.500"
"2012/06/21","3.310","9.500"
"2012/06/22","3.290","9.480"
"2012/06/25","3.290","9.480"
"2012/06/26","3.290","9.480"
"2012/06/27","3.270","9.460"
"2012/06/28","3.260","9.450"
"2012/06/29","3.300","9.480"
"2012/07/02","3.300","9.480"
"2012/07/03","3.290","9.470"
"2012/07/04","3.280","9.460"
"2012/07/05","3.270","9.450"
"2012/07/06","3.230","9.410"
"2012/07/09","3.210","9.390"
"2012/07/10","3.220","9.400"
"2012/07/11","3.190","9.380"
"2012/07/12","2.970","9.160"
"2012/07/13","2.950","9.140"
"2012/07/16","2.950","9.140"
"2012/07/17","2.920","9.110"
"2012/07/18","2.890","9.070"
"2012/07/19","2.910","9.080"
"2012/07/20","2.880","9.050"
"2012/07/23","2.820","8.980"
"2012/07/24","2.830","8.990"
"2012/07/25","2.780","8.930"
"2012/07/26","2.810","8.950"
"2012/07/27","2.860","9.000"
"2012/07/30","2.850","8.990"
"2012/07/31","2.850","8.990"
"2012/08/01","2.830","8.980"
"2012/08/02","2.790","8.930"
"2012/08/03","2.770","8.900"
"2012/08/06","2.780","8.910"
"2012/08/07","2.780","8.860"
"2012/08/08","2.760","8.820"
"2012/08/09","2.820","8.840"
"2012/08/10","2.790","8.790"
"2012/08/13","2.820","8.800"
"2012/08/14","2.870","8.830"
"2012/08/16","2.950","8.880"
"2012/08/17","2.930","8.840"
"2012/08/20","2.950","8.850"
"2012/08/21","2.900","8.790"
"2012/08/22","2.900","8.790"
"2012/08/23","2.880","8.750"
"2012/08/24","2.830","8.690"
"2012/08/27","2.810","8.670"
"2012/08/28","2.810","8.670"
"2012/08/29","2.790","8.640"
"2012/08/30","2.780","8.630"
"2012/08/31","2.760","8.620"
"2012/09/03","2.750","8.610"
"2012/09/04","2.770","8.630"
"2012/09/05","2.740","8.600"
"2012/09/06","2.750","8.610"
"2012/09/07","2.820","8.680"
"2012/09/10","2.800","8.670"
"2012/09/11","2.780","8.650"
"2012/09/12","2.800","8.660"
"2012/09/13","2.870","8.740"
"2012/09/14","2.860","8.730"
"2012/09/17","2.900","8.770"
"2012/09/18","2.860","8.740"
"2012/09/19","2.880","8.760"
"2012/09/20","2.820","8.700"
"2012/09/21","2.840","8.720"
"2012/09/24","2.810","8.700"
"2012/09/25","2.800","8.690"
"2012/09/26","2.790","8.680"
"2012/09/27","2.810","8.700"
"2012/09/28","2.790","8.680"
"2012/10/02","2.760","8.650"
"2012/10/04","2.740","8.630"
"2012/10/05","2.750","8.640"
"2012/10/08","2.760","8.650"
"2012/10/09","2.760","8.650"
"2012/10/10","2.710","8.600"
"2012/10/11","2.740","8.630"
"2012/10/12","2.770","8.660"
"2012/10/15","2.760","8.650"
"2012/10/16","2.780","8.680"
"2012/10/17","2.810","8.710"
"2012/10/18","2.840","8.740"
"2012/10/19","2.810","8.710"
"2012/10/22","2.840","8.740"
"2012/10/23","2.820","8.720"
"2012/10/24","2.810","8.710"
"2012/10/25","2.810","8.710"
"2012/10/26","2.780","8.690"
"2012/10/29","2.790","8.690"
"2012/10/30","2.780","8.690"
"2012/10/31","2.770","8.680"
"2012/11/01","2.770","8.680"
"2012/11/02","2.780","8.690"
"2012/11/05","2.800","8.710"
"2012/11/06","2.780","8.690"
"2012/11/07","2.780","8.690"
"2012/11/08","2.760","8.670"
"2012/11/09","2.790","8.700"
"2012/11/12","2.790","8.700"
"2012/11/13","2.780","8.680"
"2012/11/14","2.790","8.690"
"2012/11/15","2.780","8.690"
"2012/11/16","2.770","8.680"
"2012/11/19","2.790","8.700"
"2012/11/20","2.800","8.710"
"2012/11/21","2.800","8.710"
"2012/11/22","2.820","8.730"
"2012/11/23","2.840","8.750"
"2012/11/26","2.820","8.730"
"2012/11/27","2.840","8.750"
"2012/11/28","2.830","8.740"
"2012/11/29","2.830","8.740"
"2012/11/30","2.840","8.750"
"2012/12/03","2.840","8.750"
"2012/12/04","2.840","8.750"
"2012/12/05","2.860","8.770"
"2012/12/06","2.830","8.750"
"2012/12/07","2.810","8.740"
"2012/12/10","2.830","8.760"
"2012/12/11","2.830","8.760"
"2012/12/12","2.830","8.760"
"2012/12/13","2.860","8.790"
"2012/12/14","2.870","8.800"
"2012/12/17","2.880","8.810"
"2012/12/18","2.900","8.830"
"2012/12/20","2.880","8.830"
"2012/12/21","2.850","8.810"
"2012/12/24","2.870","8.830"
"2012/12/26","2.880","8.840"
"2012/12/27","2.850","8.820"
"2012/12/28","2.820","8.800"
"2012/12/31","2.820","8.800"
"2013/01/02","2.820","8.810"
"2013/01/03","2.770","8.750"
"2013/01/04","2.740","8.730"
"2013/01/07","2.760","8.740"
"2013/01/08","2.740","8.730"
"2013/01/09","2.750","8.730"
"2013/01/10","2.700","8.690"
"2013/01/11","2.760","8.750"
"2013/01/14","2.760","8.750"
"2013/01/15","2.730","8.720"
"2013/01/16","2.740","8.720"
"2013/01/17","2.730","8.710"
"2013/01/18","2.750","8.720"
"2013/01/21","2.740","8.720"
"2013/01/22","2.730","8.710"
"2013/01/23","2.720","8.700"
"2013/01/24","2.710","8.690"
"2013/01/25","2.710","8.690"
"2013/01/28","2.740","8.700"
"2013/01/29","2.750","8.700"
"2013/01/30","2.780","8.730"
"2013/01/31","2.760","8.720"
"2013/02/01","2.760","8.720"
"2013/02/04","2.760","8.720"
"2013/02/05","2.750","8.710"
"2013/02/06","2.720","8.680"
"2013/02/07","2.720","8.680"
"2013/02/08","2.720","8.670"
"2013/02/12","2.710","8.660"
"2013/02/13","2.730","8.680"
"2013/02/14","2.730","8.680"
"2013/02/15","2.720","8.670"
"2013/02/18","2.710","8.660"
"2013/02/19","2.690","8.630"
"2013/02/20","2.710","8.650"
"2013/02/21","2.680","8.630"
"2013/02/22","2.690","8.640"
"2013/02/25","2.680","8.640"
"2013/02/26","2.650","8.600"
"2013/02/27","2.630","8.570"
"2013/02/28","2.630","8.580"
"2013/03/04","2.630","8.580"
"2013/03/05","2.630","8.570"
"2013/03/06","2.640","8.590"
"2013/03/07","2.660","8.610"
"2013/03/08","2.660","8.610"
"2013/03/11","2.660","8.610"
"2013/03/12","2.610","8.570"
"2013/03/13","2.610","8.570"
"2013/03/14","2.620","8.570"
"2013/03/15","2.610","8.560"
"2013/03/18","2.590","8.540"
"2013/03/19","2.600","8.550"
"2013/03/20","2.600","8.550"
"2013/03/21","2.590","8.550"
"2013/03/22","2.580","8.530"
"2013/03/25","2.580","8.540"
"2013/03/26","2.580","8.540"
"2013/03/27","2.580","8.540"
"2013/03/28","2.450","8.410"
"2013/03/29","2.520","8.490"
"2013/04/01","2.490","8.470"
"2013/04/02","2.470","8.460"
"2013/04/03","2.470","8.460"
"2013/04/04","2.480","8.460"
"2013/04/05","2.440","8.420"
"2013/04/08","2.470","8.450"
"2013/04/09","2.490","8.470"
"2013/04/10","2.480","8.460"
"2013/04/11","2.630","8.610"
"2013/04/12","2.670","8.650"
"2013/04/15","2.660","8.630"
"2013/04/16","2.610","8.580"
"2013/04/17","2.630","8.590"
"2013/04/18","2.590","8.560"
"2013/04/19","2.610","8.580"
"2013/04/22","2.620","8.590"
"2013/04/23","2.600","8.570"
"2013/04/24","2.610","8.580"
"2013/04/25","2.560","8.530"
"2013/04/26","2.520","8.490"
"2013/04/29","2.520","8.500"
"2013/04/30","2.490","8.470"
"2013/05/02","2.440","8.430"
"2013/05/03","2.470","8.450"
"2013/05/06","2.560","8.540"
"2013/05/07","2.540","8.520"
"2013/05/08","2.550","8.530"
"2013/05/09","2.550","8.530"
"2013/05/10","2.550","8.540"
"2013/05/13","2.570","8.560"
"2013/05/14","2.560","8.550"
"2013/05/15","2.560","8.560"
"2013/05/16","2.560","8.560"
"2013/05/20","2.600","8.600"
"2013/05/21","2.600","8.600"
"2013/05/22","2.610","8.610"
"2013/05/23","2.610","8.610"
"2013/05/24","2.620","8.620"
"2013/05/27","2.610","8.610"
"2013/05/28","2.640","8.640"
"2013/05/29","2.750","8.750"
"2013/05/30","2.750","8.740"
"2013/05/31","2.780","8.770"
"2013/06/03","2.780","8.760"
"2013/06/04","2.780","8.770"
"2013/06/05","2.810","8.800"
"2013/06/07","2.770","8.750"
"2013/06/10","2.790","8.780"
"2013/06/11","2.800","8.800"
"2013/06/12","2.880","8.870"
"2013/06/13","2.820","8.810"
"2013/06/14","2.760","8.740"
"2013/06/17","2.810","8.800"
"2013/06/18","2.770","8.760"
"2013/06/19","2.810","8.810"
"2013/06/20","2.940","8.950"
"2013/06/21","3.040","9.050"
"2013/06/24","3.120","9.130"
"2013/06/25","3.020","9.030"
"2013/06/26","2.970","9.000"
"2013/06/27","2.970","9.010"
"2013/06/28","2.880","8.940"
"2013/07/01","2.990","9.060"
"2013/07/02","2.940","9.010"
"2013/07/03","2.950","9.020"
"2013/07/04","2.930","9.010"
"2013/07/05","2.950","9.040"
"2013/07/08","3.000","9.100"
"2013/07/09","2.990","9.090"
"2013/07/10","2.940","9.040"
"2013/07/11","2.840","8.940"
"2013/07/12","2.860","8.970"
"2013/07/15","2.890","9.010"
"2013/07/16","2.880","9.010"
"2013/07/17","2.890","9.010"
"2013/07/18","2.850","8.960"
"2013/07/19","2.850","8.960"
"2013/07/22","2.850","8.970"
"2013/07/23","2.880","8.990"
"2013/07/24","2.890","9.000"
"2013/07/25","2.950","9.060"
"2013/07/26","2.940","9.050"
"2013/07/29","2.900","9.010"
"2013/07/30","2.910","9.020"
"2013/07/31","2.920","9.040"
"2013/08/01","2.920","9.030"
"2013/08/02","2.960","9.070"
"2013/08/05","2.920","9.020"
"2013/08/06","2.920","9.020"
"2013/08/07","2.940","9.040"
"2013/08/08","2.920","9.010"
"2013/08/09","2.910","9.000"
"2013/08/12","2.900","8.990"
"2013/08/13","2.920","9.010"
"2013/08/14","2.970","9.060"
"2013/08/16","2.960","9.060"
"2013/08/19","2.990","9.080"
"2013/08/20","2.940","9.020"
"2013/08/21","2.970","9.040"
"2013/08/22","2.990","9.060"
"2013/08/23","2.960","9.040"
"2013/08/26","2.940","9.010"
"2013/08/27","2.940","9.010"
"2013/08/28","2.930","9.000"
"2013/08/29","2.910","8.980"
"2013/08/30","2.880","8.950"
"2013/09/02","2.920","8.990"
"2013/09/03","2.930","8.990"
"2013/09/04","2.930","9.000"
"2013/09/05","2.990","9.060"
"2013/09/06","2.990","9.070"
"2013/09/09","2.950","9.030"
"2013/09/10","2.970","9.060"
"2013/09/11","2.940","9.030"
"2013/09/12","2.910","9.010"
"2013/09/13","2.930","9.030"
"2013/09/16","2.870","8.970"
"2013/09/17","2.850","8.950"
"2013/09/23","2.800","8.910"
"2013/09/24","2.820","8.930"
"2013/09/25","2.840","8.950"
"2013/09/26","2.850","8.970"
"2013/09/27","2.830","8.950"
"2013/09/30","2.820","8.940"
"2013/10/01","2.840","8.960"
"2013/10/02","2.820","8.940"
"2013/10/04","2.830","8.940"
"2013/10/07","2.840","8.950"
"2013/10/08","2.850","8.970"
"2013/10/10","2.870","8.990"
"2013/10/11","2.860","8.980"
"2013/10/14","2.880","9.000"
"2013/10/15","2.880","9.000"
"2013/10/16","2.870","8.990"
"2013/10/17","2.850","8.970"
"2013/10/18","2.820","8.950"
"2013/10/21","2.840","8.970"
"2013/10/22","2.830","8.960"
"2013/10/23","2.790","8.920"
"2013/10/24","2.800","8.930"
"2013/10/25","2.800","8.930"
"2013/10/28","2.828","8.953"
"2013/10/29","2.804","8.930"
"2013/10/30","2.794","8.920"
"2013/10/31","2.819","8.947"
"2013/11/01","2.844","8.972"
"2013/11/04","2.865","8.995"
"2013/11/05","2.888","9.019"
"2013/11/06","2.884","9.009"
"2013/11/07","2.900","9.020"
"2013/11/08","2.886","9.011"
"2013/11/11","2.956","9.085"
"2013/11/12","2.960","9.094"
"2013/11/13","2.939","9.072"
"2013/11/14","2.938","9.072"
"2013/11/15","2.940","9.073"
"2013/11/18","2.935","9.068"
"2013/11/19","2.954","9.088"
"2013/11/20","2.957","9.092"
"2013/11/21","2.975","9.111"
"2013/11/22","2.945","9.080"
"2013/11/25","2.967","9.101"
"2013/11/26","2.960","9.089"
"2013/11/27","2.970","9.093"
"2013/11/28","2.986","9.108"
"2013/11/29","3.010","9.129"
"2013/12/02","3.039","9.157"
"2013/12/03","3.040","9.153"
"2013/12/04","3.025","9.140"
"2013/12/05","3.019","9.141"
"2013/12/06","3.008","9.128"
"2013/12/09","2.983","9.099"
"2013/12/10","2.991","9.099"
"2013/12/11","3.005","9.116"
"2013/12/12","3.006","9.116"
"2013/12/13","2.960","9.072"
"2013/12/16","2.920","9.030"
"2013/12/17","2.883","8.998"
"2013/12/18","2.901","9.020"
"2013/12/19","2.893","9.019"
"2013/12/20","2.878","9.003"
"2013/12/23","2.881","8.999"
"2013/12/24","2.887","9.001"
"2013/12/26","2.883","9.001"
"2013/12/27","2.834","8.957"
"2013/12/30","2.858","8.981"
"2013/12/31","2.858","8.981"
"2014/01/02","2.913","9.034"
"2014/01/03","2.924","9.041"
"2014/01/06","2.863","8.988"
"2014/01/07","2.864","8.990"
"2014/01/08","2.858","8.984"
"2014/01/09","2.895","9.021"
"2014/01/10","2.911","9.041"
"2014/01/13","2.890","9.017"
"2014/01/14","2.904","9.035"
"2014/01/15","2.906","9.038"
"2014/01/16","2.889","9.020"
"2014/01/17","2.895","9.024"
"2014/01/20","2.904","9.031"
"2014/01/21","2.908","9.038"
"2014/01/22","2.919","9.047"
"2014/01/23","2.902","9.031"
"2014/01/24","2.861","8.991"
"2014/01/27","2.881","9.013"
"2014/01/28","2.871","9.001"
"2014/01/29","2.880","9.004"
"2014/02/03","2.882","9.004"
"2014/02/04","2.850","8.973"
"2014/02/05","2.855","8.980"
"2014/02/06","2.850","8.974"
"2014/02/07","2.855","8.982"
"2014/02/10","2.845","8.969"
"2014/02/11","2.840","8.963"
"2014/02/12","2.842","8.964"
"2014/02/13","2.837","8.960"
"2014/02/14","2.842","8.960"
"2014/02/17","2.851","8.971"
"2014/02/18","2.862","8.979"
"2014/02/19","2.855","8.971"
"2014/02/20","2.856","8.970"
"2014/02/21","2.878","8.991"
"2014/02/24","2.870","8.986"
"2014/02/25","2.860","8.976"
"2014/02/26","2.857","8.977"
"2014/02/27","2.848","8.966"
"2014/02/28","2.850","8.966"
"2014/03/03","2.892","9.010"
"2014/03/04","2.911","9.028"
"2014/03/05","2.895","9.012"
"2014/03/06","2.895","9.012"
"2014/03/07","2.895","9.013"
"2014/03/10","2.883","9.001"
"2014/03/11","2.880","8.999"
"2014/03/12","2.865","8.988"
"2014/03/13","2.866","8.985"
"2014/03/14","2.826","8.947"
"2014/03/17","2.847","8.969"
"2014/03/18","2.840","8.963"
"2014/03/19","2.830","8.957"
"2014/03/20","2.865","8.988"
"2014/03/21","2.885","9.004"
"2014/03/24","2.889","9.008"
"2014/03/25","2.879","9.000"
"2014/03/26","2.885","9.003"
"2014/03/27","2.878","8.997"
"2014/03/28","2.868","8.990"
"2014/03/31","2.870","8.995"
"2014/04/01","2.873","8.996"
"2014/04/02","2.881","9.004"
"2014/04/03","2.882","9.005"
"2014/04/04","2.886","9.009"
"2014/04/07","2.870","8.991"
"2014/04/08","2.875","8.997"
"2014/04/09","2.856","8.981"
"2014/04/10","2.860","8.986"
"2014/04/11","2.856","8.982"
"2014/04/14","2.874","8.997"
"2014/04/15","2.879","9.002"
"2014/04/16","2.890","9.011"
"2014/04/17","2.870","8.995"
"2014/04/18","2.881","9.006"
"2014/04/21","2.885","9.009"
"2014/04/22","2.878","9.001"
"2014/04/23","2.881","9.003"
"2014/04/24","2.880","9.002"
"2014/04/25","2.874","8.994"
"2014/04/28","2.878","8.995"
"2014/04/29","2.875","8.992"
"2014/04/30","2.873","8.991"
"2014/05/02","2.860","8.980"
"2014/05/07","2.852","8.970"
"2014/05/08","2.850","8.967"
"2014/05/09","2.836","8.954"
"2014/05/12","2.849","8.964"
"2014/05/13","2.860","8.974"
"2014/05/14","2.852","8.968"
"2014/05/15","2.829","8.946"
"2014/05/16","2.836","8.953"
"2014/05/19","2.837","8.955"
"2014/05/20","2.847","8.962"
"2014/05/21","2.842","8.962"
"2014/05/22","2.850","8.971"
"2014/05/23","2.831","8.956"
"2014/05/26","2.829","8.952"
"2014/05/27","2.830","8.952"
"2014/05/28","2.819","8.940"
"2014/05/29","2.805","8.927"
"2014/05/30","2.816","8.934"
"2014/06/02","2.825","8.943"
"2014/06/03","2.837","8.949"
"2014/06/05","2.839","8.952"
"2014/06/09","2.840","8.952"
"2014/06/10","2.819","8.930"
"2014/06/11","2.823","8.936"
"2014/06/12","2.789","8.905"
"2014/06/13","2.740","8.865"
"2014/06/16","2.721","8.851"
"2014/06/17","2.728","8.854"
"2014/06/18","2.725","8.852"
"2014/06/19","2.681","8.808"
"2014/06/20","2.662","8.783"
"2014/06/23","2.690","8.805"
"2014/06/24","2.683","8.800"
"2014/06/25","2.687","8.808"
"2014/06/26","2.705","8.815"
"2014/06/27","2.694","8.803"
"2014/06/30","2.681","8.792"
"2014/07/01","2.664","8.780"
"2014/07/02","2.580","8.706"
"2014/07/03","2.595","8.717"
"2014/07/04","2.608","8.727"
"2014/07/07","2.612","8.727"
"2014/07/08","2.647","8.755"
"2014/07/09","2.611","8.721"
"2014/07/10","2.590","8.694"
"2014/07/11","2.586","8.688"
"2014/07/14","2.595","8.697"
"2014/07/15","2.590","8.692"
"2014/07/16","2.580","8.680"
"2014/07/17","2.514","8.615"
"2014/07/18","2.519","8.623"
"2014/07/21","2.521","8.626"
"2014/07/22","2.513","8.623"
"2014/07/23","2.464","8.581"
"2014/07/24","2.497","8.609"
"2014/07/25","2.494","8.605"
"2014/07/28","2.505","8.615"
"2014/07/29","2.518","8.626"
"2014/07/30","2.512","8.622"
"2014/07/31","2.515","8.625"
"2014/08/01","2.540","8.651"
"2014/08/04","2.545","8.656"
"2014/08/05","2.518","8.629"
"2014/08/06","2.535","8.646"
"2014/08/07","2.526","8.637"
"2014/08/08","2.500","8.617"
"2014/08/11","2.510","8.625"
"2014/08/12","2.519","8.633"
"2014/08/13","2.515","8.633"
"2014/08/14","2.538","8.654"
"2014/08/18","2.562","8.675"
"2014/08/19","2.573","8.687"
"2014/08/20","2.575","8.686"
"2014/08/21","2.582","8.690"
"2014/08/22","2.584","8.688"
"2014/08/25","2.569","8.671"
"2014/08/26","2.540","8.644"
"2014/08/27","2.526","8.632"
"2014/08/28","2.526","8.632"
"2014/08/29","2.511","8.622"
"2014/09/01","2.518","8.624"
"2014/09/02","2.512","8.623"
"2014/09/03","2.534","8.647"
"2014/09/04","2.540","8.650"
"2014/09/05","2.508","8.623"
"2014/09/11","2.496","8.617"
"2014/09/12","2.406","8.541"
"2014/09/15","2.403","8.541"
"2014/09/16","2.370","8.513"
"2014/09/17","2.369","8.511"
"2014/09/18","2.365","8.503"
"2014/09/19","2.370","8.505"
"2014/09/22","2.354","8.486"
"2014/09/23","2.350","8.482"
"2014/09/24","2.335","8.469"
"2014/09/25","2.327","8.463"
"2014/09/26","2.317","8.454"
"2014/09/29","2.323","8.456"
"2014/09/30","2.297","8.428"
"2014/10/01","2.219","8.356"
"2014/10/02","2.247","8.376"
"2014/10/06","2.258","8.386"
"2014/10/07","2.285","8.407"
"2014/10/08","2.288","8.407"
"2014/10/10","2.260","8.381"
"2014/10/13","2.257","8.379"
"2014/10/14","2.278","8.397"
"2014/10/15","2.284","8.397"
"2014/10/16","2.252","8.351"
"2014/10/17","2.245","8.346"
"2014/10/20","2.259","8.358"
"2014/10/21","2.244","8.340"
"2014/10/22","2.235","8.337"
"2014/10/23","2.217","8.318"
"2014/10/24","2.209","8.305"
"2014/10/27","2.219","8.316"
"2014/10/28","2.217","8.314"
"2014/10/29","2.207","8.307"
"2014/10/30","2.196","8.296"
"2014/10/31","2.138","8.244"
"2014/11/03","2.120","8.234"
"2014/11/04","2.096","8.212"
"2014/11/05","2.093","8.212"
"2014/11/06","2.081","8.203"
"2014/11/07","2.090","8.216"
"2014/11/10","2.118","8.235"
"2014/11/11","2.176","8.281"
"2014/11/12","2.204","8.312"
"2014/11/13","2.210","8.323"
"2014/11/14","2.200","8.319"
"2014/11/17","2.189","8.307"
"2014/11/18","2.180","8.298"
"2014/11/19","2.180","8.296"
"2014/11/20","2.156","8.275"
"2014/11/21","2.161","8.281"
"2014/11/24","2.121","8.240"
"2014/11/25","2.105","8.227"
"2014/11/26","2.098","8.219"
"2014/11/27","2.114","8.232"
"2014/11/28","2.074","8.200"
"2014/12/01","2.073","8.201"
"2014/12/02","2.079","8.213"
"2014/12/03","2.122","8.257"
"2014/12/04","2.163","8.291"
"2014/12/05","2.166","8.293"
"2014/12/08","2.217","8.338"
"2014/12/09","2.179","8.306"
"2014/12/10","2.180","8.313"
"2014/12/11","2.126","8.271"
"2014/12/12","2.112","8.265"
"2014/12/15","2.124","8.278"
"2014/12/16","2.129","8.273"
"2014/12/17","2.169","8.312"
"2014/12/18","2.183","8.328"
"2014/12/19","2.180","8.324"
"2014/12/22","2.156","8.301"
"2014/12/23","2.156","8.302"
"2014/12/24","2.147","8.296"
"2014/12/26","2.158","8.305"
"2014/12/29","2.134","8.286"
"2014/12/30","2.099","8.261"
"2014/12/31","2.098","8.274"
"2015/01/02","2.135","8.305"
"2015/01/05","2.118","8.285"
"2015/01/06","2.079","8.250"
"2015/01/07","2.076","8.250"
"2015/01/08","2.072","8.247"
"2015/01/09","2.056","8.233"
"2015/01/12","2.006","8.186"
"2015/01/13","2.024","8.194"
"2015/01/14","1.974","8.148"
"2015/01/15","2.044","8.214"
"2015/01/16","2.012","8.182"
"2015/01/19","2.038","8.209"
"2015/01/20","2.031","8.199"
"2015/01/21","2.045","8.213"
"2015/01/22","2.063","8.233"
"2015/01/23","2.027","8.194"
"2015/01/26","2.024","8.186"
"2015/01/27","2.029","8.191"
"2015/01/28","2.004","8.168"
"2015/01/29","1.998","8.160"
"2015/01/30","1.970","8.142"
"2015/02/02","1.985","8.150"
"2015/02/03","1.935","8.115"
"2015/02/04","1.961","8.138"
"2015/02/05","1.975","8.147"
"2015/02/06","1.962","8.136"
"2015/02/09","1.977","8.152"
"2015/02/10","2.056","8.211"
"2015/02/11","2.051","8.208"
"2015/02/12","2.075","8.232"
"2015/02/13","2.050","8.213"
"2015/02/16","2.091","8.252"
"2015/02/17","2.054","8.219"
"2015/02/23","2.061","8.230"
"2015/02/24","2.063","8.231"
"2015/02/25","2.037","8.206"
"2015/02/26","2.040","8.206"
"2015/02/27","2.034","8.197"
"2015/03/02","2.000","8.168"
"2015/03/03","1.990","8.160"
"2015/03/04","1.980","8.153"
"2015/03/05","1.978","8.148"
"2015/03/06","1.943","8.110"
"2015/03/09","1.924","8.098"
"2015/03/10","1.937","8.107"
"2015/03/11","1.907","8.066"
"2015/03/12","1.896","8.054"
"2015/03/13","1.869","8.029"
"2015/03/16","1.856","8.015"
"2015/03/17","1.872","8.025"
"2015/03/18","1.859","8.011"
"2015/03/19","1.825","7.983"
"2015/03/20","1.797","7.960"
"2015/03/23","1.793","7.954"
"2015/03/24","1.795","7.952"
"2015/03/25","1.785","7.943"
"2015/03/26","1.779","7.941"
"2015/03/27","1.770","7.929"
"2015/03/30","1.748","7.906"
"2015/03/31","1.721","7.887"
"2015/04/01","1.720","7.881"
"2015/04/02","1.721","7.877"
"2015/04/03","1.714","7.871"
"2015/04/06","1.714","7.866"
"2015/04/07","1.721","7.869"
"2015/04/08","1.727","7.872"
"2015/04/09","1.698","7.847"
"2015/04/10","1.714","7.858"
"2015/04/13","1.732","7.872"
"2015/04/14","1.731","7.876"
"2015/04/15","1.721","7.870"
"2015/04/16","1.724","7.876"
"2015/04/17","1.691","7.843"
"2015/04/20","1.693","7.849"
"2015/04/21","1.710","7.863"
"2015/04/22","1.710","7.864"
"2015/04/23","1.745","7.893"
"2015/04/24","1.771","7.916"
"2015/04/27","1.786","7.927"
"2015/04/28","1.829","7.971"
"2015/04/29","1.842","7.987"
"2015/04/30","1.843","7.989"
"2015/05/04","1.896","8.041"
"2015/05/06","1.969","8.102"
"2015/05/07","1.966","8.097"
"2015/05/08","1.888","8.019"
"2015/05/11","1.876","8.012"
"2015/05/12","1.942","8.086"
"2015/05/13","1.864","8.016"
"2015/05/14","1.857","8.006"
"2015/05/15","1.881","8.031"
"2015/05/18","1.889","8.039"
"2015/05/19","1.903","8.053"
"2015/05/20","1.878","8.028"
"2015/05/21","1.880","8.031"
"2015/05/22","1.871","8.024"
"2015/05/26","1.846","8.005"
"2015/05/27","1.809","7.972"
"2015/05/28","1.798","7.964"
"2015/05/29","1.745","7.917"
"2015/06/01","1.746","7.919"
"2015/06/02","1.726","7.899"
"2015/06/03","1.757","7.932"
"2015/06/04","1.767","7.942"
"2015/06/05","1.741","7.917"
"2015/06/08","1.729","7.909"
"2015/06/09","1.733","7.905"
"2015/06/10","1.773","7.928"
"2015/06/11","1.797","7.949"
"2015/06/12","1.762","7.913"
"2015/06/15","1.764","7.910"
"2015/06/16","1.766","7.912"
"2015/06/17","1.800","7.941"
"2015/06/18","1.778","7.920"
"2015/06/19","1.770","7.903"
"2015/06/22","1.787","7.922"
"2015/06/23","1.795","7.928"
"2015/06/24","1.806","7.935"
"2015/06/25","1.814","7.940"
"2015/06/26","1.818","7.940"
"2015/06/29","1.793","7.919"
"2015/06/30","1.793","7.917"
"2015/07/01","1.805","7.931"
"2015/07/02","1.828","7.957"
"2015/07/03","1.826","7.952"
"2015/07/06","1.829","7.949"
"2015/07/07","1.825","7.948"
"2015/07/08","1.807","7.931"
"2015/07/09","1.802","7.932"
"2015/07/10","1.806","7.940"
"2015/07/13","1.804","7.940"
"2015/07/14","1.796","7.934"
"2015/07/15","1.795","7.931"
"2015/07/16","1.789","7.929"
"2015/07/17","1.784","7.924"
"2015/07/20","1.775","7.918"
"2015/07/21","1.771","7.916"
"2015/07/22","1.749","7.902"
"2015/07/23","1.716","7.874"
"2015/07/24","1.706","7.865"
"2015/07/27","1.703","7.862"
"2015/07/28","1.731","7.887"
"2015/07/29","1.716","7.880"
"2015/07/30","1.735","7.900"
"2015/07/31","1.768","7.933"
"2015/08/03","1.760","7.924"
"2015/08/04","1.774","7.936"
"2015/08/05","1.792","7.953"
"2015/08/06","1.786","7.947"
"2015/08/07","1.783","7.946"
"2015/08/10","1.763","7.928"
"2015/08/11","1.737","7.906"
"2015/08/12","1.705","7.875"
"2015/08/13","1.729","7.899"
"2015/08/17","1.723","7.897"
"2015/08/18","1.716","7.890"
"2015/08/19","1.730","7.904"
"2015/08/20","1.714","7.890"
"2015/08/21","1.709","7.888"
"2015/08/24","1.693","7.874"
"2015/08/25","1.708","7.891"
"2015/08/26","1.719","7.903"
"2015/08/27","1.705","7.896"
"2015/08/28","1.718","7.908"
"2015/08/31","1.735","7.925"
"2015/09/01","1.725","7.919"
"2015/09/02","1.696","7.894"
"2015/09/03","1.674","7.877"
"2015/09/04","1.645","7.852"
"2015/09/07","1.651","7.857"
"2015/09/08","1.668","7.874"
"2015/09/09","1.680","7.890"
"2015/09/10","1.650","7.865"
"2015/09/11","1.655","7.874"
"2015/09/14","1.667","7.891"
"2015/09/15","1.653","7.879"
"2015/09/16","1.670","7.897"
"2015/09/17","1.683","7.909"
"2015/09/18","1.635","7.866"
"2015/09/21","1.617","7.850"
"2015/09/22","1.624","7.857"
"2015/09/23","1.619","7.854"
"2015/09/24","1.630","7.869"
"2015/09/25","1.615","7.856"
"2015/09/30","1.568","7.813"
"2015/10/01","1.596","7.843"
"2015/10/02","1.584","7.832"
"2015/10/05","1.577","7.827"
"2015/10/06","1.591","7.842"
"2015/10/07","1.614","7.870"
"2015/10/08","1.615","7.873"
"2015/10/12","1.646","7.907"
"2015/10/13","1.638","7.900"
"2015/10/14","1.657","7.913"
"2015/10/15","1.623","7.886"
"2015/10/16","1.622","7.887"
"2015/10/19","1.622","7.890"
"2015/10/20","1.640","7.910"
"2015/10/21","1.649","7.920"
"2015/10/22","1.654","7.929"
"2015/10/23","1.650","7.928"
"2015/10/26","1.645","7.924"
"2015/10/27","1.630","7.912"
"2015/10/28","1.626","7.910"
"2015/10/29","1.641","7.925"
"2015/10/30","1.657","7.944"
"2015/11/02","1.658","7.948"
"2015/11/03","1.665","7.962"
"2015/11/04","1.677","7.977"
"2015/11/05","1.691","7.990"
"2015/11/06","1.729","8.028"
"2015/11/09","1.803","8.103"
"2015/11/10","1.781","8.084"
"2015/11/11","1.798","8.103"
"2015/11/12","1.787","8.097"
"2015/11/13","1.778","8.090"
"2015/11/16","1.749","8.061"
"2015/11/17","1.758","8.072"
"2015/11/18","1.752","8.068"
"2015/11/19","1.736","8.055"
"2015/11/20","1.762","8.081"
"2015/11/23","1.761","8.084"
"2015/11/24","1.767","8.093"
"2015/11/25","1.769","8.094"
"2015/11/26","1.778","8.104"
"2015/11/27","1.798","8.127"
"2015/11/30","1.785","8.117"
"2015/12/01","1.772","8.109"
"2015/12/02","1.762","8.101"
"2015/12/03","1.755","8.097"
"2015/12/04","1.781","8.119"
"2015/12/07","1.787","8.122"
"2015/12/08","1.763","8.107"
"2015/12/09","1.762","8.106"
"2015/12/10","1.745","8.094"
"2015/12/11","1.748","8.101"
"2015/12/14","1.732","8.091"
"2015/12/15","1.733","8.094"
"2015/12/16","1.748","8.111"
"2015/12/17","1.726","8.096"
"2015/12/18","1.693","8.070"
"2015/12/21","1.658","8.046"
"2015/12/22","1.672","8.063"
"2015/12/23","1.668","8.060"
"2015/12/24","1.662","8.057"
"2015/12/28","1.677","8.066"
"2015/12/29","1.655","8.050"
"2015/12/30","1.662","8.057"
"2015/12/31","1.662","8.057"
"2016/01/04","1.634","8.033"
"2016/01/05","1.643","8.045"
"2016/01/06","1.639","8.041"
"2016/01/07","1.639","8.038"
"2016/01/08","1.665","8.062"
"2016/01/11","1.635","8.034"
"2016/01/12","1.638","8.037"
"2016/01/13","1.633","8.033"
"2016/01/14","1.648","8.046"
"2016/01/15","1.648","8.047"
"2016/01/18","1.646","8.048"
"2016/01/19","1.644","8.049"
"2016/01/20","1.617","8.024"
"2016/01/21","1.611","8.020"
"2016/01/22","1.621","8.030"
"2016/01/25","1.621","8.030"
"2016/01/26","1.599","8.011"
"2016/01/27","1.604","8.018"
"2016/01/28","1.618","8.031"
"2016/01/29","1.564","7.986"
"2016/02/01","1.525","7.949"
"2016/02/02","1.516","7.941"
"2016/02/03","1.496","7.916"
"2016/02/04","1.494","7.913"
"2016/02/05","1.506","7.924"
"2016/02/11","1.450","7.861"
"2016/02/12","1.475","7.888"
"2016/02/15","1.484","7.904"
"2016/02/16","1.431","7.859"
"2016/02/17","1.435","7.865"
"2016/02/18","1.451","7.881"
"2016/02/19","1.468","7.897"
"2016/02/22","1.480","7.914"
"2016/02/23","1.481","7.915"
"2016/02/24","1.469","7.907"
"2016/02/25","1.464","7.902"
"2016/02/26","1.452","7.892"
"2016/02/29","1.454","7.895"
"2016/03/02","1.469","7.911"
"2016/03/03","1.504","7.945"
"2016/03/04","1.522","7.962"
"2016/03/07","1.502","7.945"
"2016/03/08","1.481","7.931"
"2016/03/09","1.470","7.923"
"2016/03/10","1.500","7.943"
"2016/03/11","1.550","7.994"
"2016/03/14","1.532","7.986"
"2016/03/15","1.533","7.988"
"2016/03/16","1.542","7.998"
"2016/03/17","1.515","7.970"
"2016/03/18","1.499","7.957"
"2016/03/21","1.496","7.952"
"2016/03/22","1.512","7.969"
"2016/03/23","1.512","7.972"
"2016/03/24","1.500","7.962"
"2016/03/25","1.495","7.953"
"2016/03/28","1.479","7.945"
"2016/03/29","1.449","7.917"
"2016/03/30","1.450","7.917"
"2016/03/31","1.444","7.914"
"2016/04/01","1.448","7.914"
"2016/04/04","1.440","7.905"
"2016/04/05","1.453","7.914"
"2016/04/06","1.458","7.918"
"2016/04/07","1.468","7.927"
"2016/04/08","1.463","7.924"
"2016/04/11","1.466","7.926"
"2016/04/12","1.465","7.927"
"2016/04/14","1.502","7.963"
"2016/04/15","1.494","7.959"
"2016/04/18","1.507","7.973"
"2016/04/19","1.501","7.969"
"2016/04/20","1.474","7.943"
"2016/04/21","1.483","7.952"
"2016/04/22","1.472","7.946"
"2016/04/25","1.455","7.933"
"2016/04/26","1.452","7.932"
"2016/04/27","1.456","7.933"
"2016/04/28","1.450","7.927"
"2016/04/29","1.453","7.929"
"2016/05/02","1.465","7.940"
"2016/05/03","1.445","7.928"
"2016/05/04","1.434","7.915"
"2016/05/09","1.413","7.900"
"2016/05/10","1.412","7.900"
"2016/05/11","1.417","7.902"
"2016/05/12","1.422","7.907"
"2016/05/13","1.442","7.924"
"2016/05/16","1.443","7.928"
"2016/05/17","1.455","7.940"
"2016/05/18","1.472","7.958"
"2016/05/19","1.492","7.977"
"2016/05/20","1.471","7.960"
"2016/05/23","1.467","7.959"
"2016/05/24","1.444","7.938"
"2016/05/25","1.461","7.951"
"2016/05/26","1.468","7.955"
"2016/05/27","1.468","7.955"
"2016/05/30","1.503","7.987"
"2016/05/31","1.496","7.984"
"2016/06/01","1.438","7.926"
"2016/06/02","1.443","7.931"
"2016/06/03","1.423","7.914"
"2016/06/07","1.405","7.896"
"2016/06/08","1.378","7.872"
"2016/06/09","1.345","7.839"
"2016/06/10","1.322","7.829"
"2016/06/13","1.311","7.819"
"2016/06/14","1.337","7.842"
"2016/06/15","1.339","7.841"
"2016/06/16","1.318","7.819"
"2016/06/17","1.334","7.835"
"2016/06/20","1.359","7.860"
"2016/06/21","1.343","7.847"
"2016/06/22","1.355","7.859"
"2016/06/23","1.337","7.841"
"2016/06/24","1.249","7.753"
"2016/06/27","1.236","7.739"
"2016/06/28","1.248","7.750"
"2016/06/29","1.238","7.738"
"2016/06/30","1.247","7.747"
"2016/07/01","1.210","7.713"
"2016/07/04","1.224","7.723"
"2016/07/05","1.217","7.719"
"2016/07/06","1.203","7.706"
"2016/07/07","1.208","7.709"
"2016/07/08","1.216","7.715"
"2016/07/11","1.213","7.711"
"2016/07/12","1.217","7.718"
"2016/07/13","1.211","7.717"
"2016/07/14","1.205","7.713"
"2016/07/15","1.221","7.725"
"2016/07/18","1.229","7.733"
"2016/07/19","1.227","7.728"
"2016/07/20","1.221","7.726"
"2016/07/21","1.233","7.738"
"2016/07/22","1.227","7.730"
"2016/07/25","1.225","7.731"
"2016/07/26","1.220","7.725"
"2016/07/27","1.222","7.725"
"2016/07/28","1.203","7.709"
"2016/07/29","1.216","7.719"
"2016/08/01","1.212","7.712"
"2016/08/02","1.212","7.713"
"2016/08/03","1.247","7.739"
"2016/08/04","1.238","7.730"
"2016/08/05","1.225","7.718"
"2016/08/08","1.246","7.735"
"2016/08/09","1.247","7.734"
"2016/08/10","1.215","7.705"
"2016/08/11","1.222","7.710"
"2016/08/12","1.230","7.717"
"2016/08/16","1.219","7.705"
"2016/08/17","1.233","7.721"
"2016/08/18","1.228","7.714"
"2016/08/19","1.231","7.716"
"2016/08/22","1.232","7.719"
"2016/08/23","1.228","7.713"
"2016/08/24","1.229","7.714"
"2016/08/25","1.236","7.720"
"2016/08/26","1.241","7.726"
"2016/08/29","1.272","7.751"
"2016/08/30","1.283","7.758"
"2016/08/31","1.308","7.781"
"2016/09/01","1.333","7.800"
"2016/09/02","1.326","7.794"
"2016/09/05","1.307","7.780"
"2016/09/06","1.300","7.775"
"2016/09/07","1.278","7.753"
"2016/09/08","1.288","7.763"
"2016/09/09","1.328","7.797"
"2016/09/12","1.356","7.825"
"2016/09/13","1.350","7.822"
"2016/09/19","1.345","7.821"
"2016/09/20","1.336","7.813"
"2016/09/21","1.327","7.809"
"2016/09/22","1.296","7.781"
"2016/09/23","1.303","7.785"
"2016/09/26","1.308","7.790"
"2016/09/27","1.305","7.792"
"2016/09/28","1.304","7.790"
"2016/09/29","1.297","7.784"
"2016/09/30","1.247","7.746"
"2016/10/04","1.276","7.772"
"2016/10/05","1.316","7.807"
"2016/10/06","1.321","7.816"
"2016/10/07","1.326","7.821"
"2016/10/10","1.335","7.834"
"2016/10/11","1.373","7.870"
"2016/10/12","1.353","7.863"
"2016/10/13","1.323","7.837"
"2016/10/14","1.319","7.838"
"2016/10/17","1.350","7.868"
"2016/10/18","1.353","7.864"
"2016/10/19","1.352","7.865"
"2016/10/20","1.354","7.867"
"2016/10/21","1.381","7.895"
"2016/10/24","1.385","7.899"
"2016/10/25","1.398","7.918"
"2016/10/26","1.405","7.923"
"2016/10/27","1.418","7.933"
"2016/10/28","1.438","7.955"
"2016/10/31","1.438","7.952"
"2016/11/01","1.451","7.965"
"2016/11/02","1.436","7.953"
"2016/11/03","1.428","7.949"
"2016/11/04","1.431","7.954"
"2016/11/07","1.426","7.948"
"2016/11/08","1.425","7.943"
"2016/11/09","1.402","7.925"
"2016/11/10","1.465","7.987"
"2016/11/11","1.508","8.027"
"2016/11/14","1.610","8.133"
"2016/11/15","1.635","8.146"
"2016/11/16","1.689","8.192"
"2016/11/17","1.713","8.206"
"2016/11/18","1.736","8.246"
"2016/11/21","1.725","8.241"
"2016/11/22","1.735","8.250"
"2016/11/23","1.775","8.282"
"2016/11/24","1.811","8.324"
"2016/11/25","1.811","8.328"
"2016/11/28","1.764","8.288"
"2016/11/29","1.709","8.260"
"2016/11/30","1.710","8.261"
"2016/12/01","1.726","8.281"
"2016/12/02","1.745","8.299"
"2016/12/05","1.727","8.283"
"2016/12/06","1.737","8.295"
"2016/12/07","1.736","8.295"
"2016/12/08","1.714","8.279"
"2016/12/09","1.735","8.299"
"2016/12/12","1.734","8.315"
"2016/12/13","1.676","8.270"
"2016/12/14","1.644","8.243"
"2016/12/15","1.697","8.286"
"2016/12/16","1.688","8.277"
"2016/12/19","1.694","8.283"
"2016/12/20","1.714","8.296"
"2016/12/21","1.687","8.278"
"2016/12/22","1.657","8.266"
"2016/12/23","1.665","8.275"
"2016/12/26","1.669","8.283"
"2016/12/27","1.654","8.279"
"2016/12/28","1.643","8.270"
"2016/12/29","1.638","8.265"
"2016/12/30","1.638","8.265"
"2017/01/02","1.638","8.262"
"2017/01/03","1.617","8.247"
"2017/01/04","1.630","8.255"
"2017/01/05","1.607","8.236"
"2017/01/06","1.626","8.252"
"2017/01/09","1.663","8.284"
"2017/01/10","1.647","8.267"
"2017/01/11","1.653","8.276"
"2017/01/12","1.624","8.248"
"2017/01/13","1.635","8.265"
"2017/01/16","1.633","8.270"
"2017/01/17","1.628","8.266"
"2017/01/18","1.649","8.289"
"2017/01/19","1.677","8.320"
"2017/01/20","1.655","8.307"
"2017/01/23","1.640","8.297"
"2017/01/24","1.628","8.285"
"2017/01/25","1.647","8.304"
"2017/01/26","1.687","8.347"
"2017/01/31","1.675","8.337"
"2017/02/01","1.685","8.348"
"2017/02/02","1.674","8.335"
"2017/02/03","1.685","8.345"
"2017/02/06","1.662","8.326"
"2017/02/07","1.641","8.304"
"2017/02/08","1.652","8.314"
"2017/02/09","1.648","8.310"
"2017/02/10","1.668","8.331"
"2017/02/13","1.663","8.329"
"2017/02/14","1.653","8.319"
"2017/02/15","1.661","8.329"
"2017/02/16","1.656","8.321"
"2017/02/17","1.655","8.320"
"2017/02/20","1.670","8.336"
"2017/02/21","1.671","8.338"
"2017/02/22","1.690","8.357"
"2017/02/23","1.676","8.343"
"2017/02/24","1.666","8.337"
"2017/02/27","1.663","8.334"
"2017/02/28","1.670","8.342"
"2017/03/02","1.713","8.386"
"2017/03/03","1.713","8.389"
"2017/03/06","1.746","8.422"
"2017/03/07","1.784","8.464"
"2017/03/08","1.784","8.464"
"2017/03/09","1.789","8.474"
"2017/03/10","1.780","8.468"
"2017/03/13","1.765","8.457"
"2017/03/14","1.758","8.454"
"2017/03/15","1.759","8.456"
"2017/03/16","1.695","8.395"
"2017/03/17","1.675","8.383"
"2017/03/20","1.670","8.387"
"2017/03/21","1.670","8.389"
"2017/03/22","1.663","8.380"
"2017/03/23","1.666","8.386"
"2017/03/24","1.678","8.400"
"2017/03/27","1.650","8.378"
"2017/03/28","1.657","8.385"
"2017/03/29","1.653","8.385"
"2017/03/30","1.665","8.392"
"2017/03/31","1.662","8.390"
"2017/04/03","1.668","8.393"
"2017/04/04","1.646","8.373"
"2017/04/05","1.654","8.381"
"2017/04/06","1.679","8.405"
"2017/04/07","1.681","8.411"
"2017/04/10","1.722","8.449"
"2017/04/11","1.693","8.420"
"2017/04/12","1.686","8.415"
"2017/04/13","1.674","8.402"
"2017/04/14","1.677","8.406"
"2017/04/17","1.673","8.403"
"2017/04/18","1.676","8.406"
"2017/04/19","1.670","8.400"
"2017/04/20","1.674","8.406"
"2017/04/21","1.684","8.417"
"2017/04/24","1.701","8.435"
"2017/04/25","1.677","8.423"
"2017/04/26","1.682","8.428"
"2017/04/27","1.673","8.419"
"2017/04/28","1.675","8.419"
"2017/05/02","1.690","8.434"
"2017/05/04","1.681","8.426"
"2017/05/08","1.707","8.451"
"2017/05/10","1.733","8.477"
"2017/05/11","1.727","8.475"
"2017/05/12","1.710","8.461"
"2017/05/15","1.710","8.463"
"2017/05/16","1.717","8.467"
"2017/05/17","1.684","8.435"
"2017/05/18","1.683","8.436"
"2017/05/19","1.671","8.426"
"2017/05/22","1.685","8.442"
"2017/05/23","1.676","8.432"
"2017/05/24","1.691","8.446"
"2017/05/25","1.681","8.437"
"2017/05/26","1.677","8.434"
"2017/05/29","1.672","8.432"
"2017/05/30","1.658","8.419"
"2017/05/31","1.661","8.422"
"2017/06/01","1.645","8.409"
"2017/06/02","1.630","8.397"
"2017/06/05","1.623","8.389"
"2017/06/07","1.621","8.388"
"2017/06/08","1.637","8.402"
"2017/06/09","1.632","8.400"
"2017/06/12","1.697","8.460"
"2017/06/13","1.661","8.431"
"2017/06/14","1.681","8.451"
"2017/06/15","1.682","8.450"
"2017/06/16","1.695","8.466"
"2017/06/19","1.683","8.456"
"2017/06/20","1.685","8.457"
"2017/06/21","1.692","8.463"
"2017/06/22","1.701","8.471"
"2017/06/23","1.688","8.462"
"2017/06/26","1.686","8.461"
"2017/06/27","1.681","8.457"
"2017/06/28","1.711","8.485"
"2017/06/29","1.700","8.480"
"2017/06/30","1.698","8.480"
"2017/07/03","1.716","8.498"
"2017/07/04","1.740","8.521"
"2017/07/05","1.745","8.526"
"2017/07/06","1.750","8.529"
"2017/07/07","1.781","8.559"
"2017/07/10","1.756","8.535"
"2017/07/11","1.762","8.540"
"2017/07/12","1.762","8.539"
"2017/07/13","1.745","8.523"
"2017/07/14","1.750","8.528"
"2017/07/17","1.754","8.535"
"2017/07/18","1.746","8.530"
"2017/07/19","1.747","8.530"
"2017/07/20","1.740","8.524"
"2017/07/21","1.721","8.509"
"2017/07/24","1.720","8.505"
"2017/07/25","1.709","8.492"
"2017/07/26","1.729","8.508"
"2017/07/27","1.712","8.491"
"2017/07/28","1.723","8.498"
"2017/07/31","1.724","8.500"
"2017/08/01","1.733","8.515"
"2017/08/02","1.730","8.513"
"2017/08/03","1.737","8.520"
"2017/08/04","1.742","8.522"
"2017/08/07","1.772","8.553"
"2017/08/08","1.805","8.579"
"2017/08/09","1.833","8.603"
"2017/08/10","1.824","8.592"
"2017/08/11","1.804","8.581"
"2017/08/14","1.802","8.581"
"2017/08/16","1.821","8.601"
"2017/08/17","1.801","8.584"
"2017/08/18","1.777","8.570"
"2017/08/21","1.784","8.573"
"2017/08/22","1.803","8.587"
"2017/08/23","1.797","8.582"
"2017/08/24","1.801","8.586"
"2017/08/25","1.755","8.553"
"2017/08/28","1.758","8.556"
"2017/08/29","1.772","8.569"
"2017/08/30","1.752","8.552"
"2017/08/31","1.747","8.548"
"2017/09/01","1.747","8.546"
"2017/09/04","1.782","8.578"
"2017/09/05","1.780","8.576"
"2017/09/06","1.775","8.566"
"2017/09/07","1.782","8.569"
"2017/09/08","1.758","8.543"
"2017/09/11","1.757","8.546"
"2017/09/12","1.753","8.544"
"2017/09/13","1.742","8.535"
"2017/09/14","1.742","8.535"
"2017/09/15","1.739","8.534"
"2017/09/18","1.742","8.538"
"2017/09/19","1.779","8.570"
"2017/09/20","1.775","8.568"
"2017/09/21","1.781","8.573"
"2017/09/22","1.775","8.567"
"2017/09/25","1.786","8.578"
"2017/09/26","1.832","8.620"
"2017/09/27","1.887","8.670"
"2017/09/28","1.888","8.674"
"2017/09/29","1.888","8.672"
"2017/10/10","1.938","8.720"
"2017/10/11","1.929","8.715"
"2017/10/12","1.900","8.693"
"2017/10/13","1.916","8.710"
"2017/10/16","1.927","8.723"
"2017/10/17","1.947","8.738"
"2017/10/18","1.935","8.728"
"2017/10/19","2.006","8.800"
"2017/10/20","2.088","8.881"
"2017/10/23","2.032","8.837"
"2017/10/24","2.057","8.862"
"2017/10/25","2.094","8.900"
"2017/10/26","2.182","8.978"
"2017/10/27","2.164","8.965"
"2017/10/30","2.137","8.946"
"2017/10/31","2.164","8.972"
"2017/11/01","2.140","8.950"
"2017/11/02","2.126","8.934"
"2017/11/03","2.133","8.942"
"2017/11/06","2.152","8.960"
"2017/11/07","2.133","8.944"
"2017/11/08","2.151","8.958"
"2017/11/09","2.147","8.958"
"2017/11/10","2.157","8.969"
"2017/11/13","2.180","8.991"
"2017/11/14","2.211","9.017"
"2017/11/15","2.177","8.984"
"2017/11/16","2.171","8.982"
"2017/11/17","2.174","8.981"
"2017/11/20","2.156","8.963"
"2017/11/21","2.156","8.964"
"2017/11/22","2.170","8.974"
"2017/11/23","2.134","8.947"
"2017/11/24","2.169","8.975"
"2017/11/27","2.153","8.959"
"2017/11/28","2.119","8.929"
"2017/11/29","2.112","8.921"
"2017/11/30","2.075","8.887"
"2017/12/01","2.081","8.892"
"2017/12/04","2.083","8.895"
"2017/12/05","2.112","8.922"
"2017/12/06","2.084","8.897"
"2017/12/07","2.094","8.905"
"2017/12/08","2.094","8.904"
"2017/12/11","2.087","8.899"
"2017/12/12","2.077","8.887"
"2017/12/13","2.078","8.888"
"2017/12/14","2.080","8.888"
"2017/12/15","2.078","8.885"
"2017/12/18","2.090","8.896"
"2017/12/19","2.097","8.902"
"2017/12/20","2.087","8.897"
"2017/12/21","2.094","8.901"
"2017/12/22","2.131","8.937"
"2017/12/26","2.129","8.937"
"2017/12/27","2.150","8.957"
"2017/12/28","2.134","8.942"
"2017/12/29","2.135","8.942"
"2018/01/02","2.119","8.929"
"2018/01/03","2.127","8.931"
"2018/01/04","2.142","8.943"
"2018/01/05","2.099","8.915"
"2018/01/08","2.135","8.940"
"2018/01/09","2.149","8.954"
"2018/01/10","2.172","8.978"
"2018/01/11","2.152","8.959"
"2018/01/12","2.174","8.974"
"2018/01/15","2.223","9.014"
"2018/01/16","2.225","9.008"
"2018/01/17","2.227","9.009"
"2018/01/18","2.172","8.966"
"2018/01/19","2.170","8.967"
"2018/01/22","2.203","8.995"
"2018/01/23","2.192","8.987"
"2018/01/24","2.197","8.991"
"2018/01/25","2.215","9.004"
"2018/01/26","2.222","9.011"
"2018/01/29","2.281","9.058"
"2018/01/30","2.304","9.077"
"2018/01/31","2.274","9.049"
"2018/02/01","2.249","9.027"
"2018/02/02","2.250","9.025"
"2018/02/05","2.287","9.058"
"2018/02/06","2.253","9.027"
"2018/02/07","2.248","9.021"
"2018/02/08","2.272","9.045"
"2018/02/09","2.278","9.051"
"2018/02/12","2.302","9.076"
"2018/02/13","2.278","9.053"
"2018/02/14","2.265","9.045"
"2018/02/19","2.302","9.075"
"2018/02/20","2.316","9.084"
"2018/02/21","2.306","9.074"
"2018/02/22","2.303","9.071"
"2018/02/23","2.285","9.058"
"2018/02/26","2.263","9.041"
"2018/02/27","2.258","9.037"
"2018/02/28","2.266","9.045"
"2018/03/02","2.290","9.067"
"2018/03/05","2.311","9.079"
"2018/03/06","2.312","9.081"
"2018/03/07","2.297","9.066"
"2018/03/08","2.286","9.057"
"2018/03/09","2.293","9.064"
"2018/03/12","2.305","9.074"
"2018/03/13","2.301","9.070"
"2018/03/14","2.274","9.051"
"2018/03/15","2.268","9.047"
"2018/03/16","2.276","9.055"
"2018/03/19","2.275","9.058"
"2018/03/20","2.286","9.069"
"2018/03/21","2.291","9.070"
"2018/03/22","2.256","9.041"
"2018/03/23","2.223","9.015"
"2018/03/26","2.244","9.035"
"2018/03/27","2.232","9.026"
"2018/03/28","2.222","9.014"
"2018/03/29","2.227","9.016"
"2018/03/30","2.216","9.012"
"2018/04/02","2.225","9.020"
"2018/04/03","2.193","9.002"
"2018/04/04","2.168","8.983"
"2018/04/05","2.175","8.995"
"2018/04/06","2.156","8.981"
"2018/04/09","2.167","8.991"
"2018/04/10","2.185","9.002"
"2018/04/11","2.165","8.987"
"2018/04/12","2.156","8.979"
"2018/04/13","2.155","8.983"
"2018/04/16","2.169","8.995"
"2018/04/17","2.178","9.002"
"2018/04/18","2.196","9.013"
"2018/04/19","2.195","9.016"
"2018/04/20","2.200","9.025"
"2018/04/23","2.235","9.057"
"2018/04/24","2.227","9.050"
"2018/04/25","2.246","9.070"
"2018/04/26","2.234","9.055"
"2018/04/27","2.201","9.026"
"2018/04/30","2.216","9.039"
"2018/05/02","2.237","9.058"
"2018/05/03","2.246","9.066"
"2018/05/04","2.280","9.094"
"2018/05/08","2.311","9.117"
"2018/05/09","2.309","9.119"
"2018/05/10","2.276","9.094"
"2018/05/11","2.286","9.102"
"2018/05/14","2.309","9.118"
"2018/05/15","2.312","9.121"
"2018/05/16","2.285","9.102"
"2018/05/17","2.262","9.084"
"2018/05/18","2.231","9.055"
"2018/05/21","2.251","9.073"
"2018/05/23","2.235","9.061"
"2018/05/24","2.191","9.029"
"2018/05/25","2.198","9.035"
"2018/05/28","2.208","9.041"
"2018/05/29","2.189","9.027"
"2018/05/30","2.192","9.030"
"2018/05/31","2.195","9.028"
"2018/06/01","2.193","9.025"
"2018/06/04","2.213","9.045"
"2018/06/05","2.201","9.037"
"2018/06/07","2.217","9.053"
"2018/06/08","2.189","9.030"
"2018/06/11","2.223","9.047"
"2018/06/12","2.223","9.047"
"2018/06/14","2.227","9.058"
"2018/06/15","2.186","9.025"
"2018/06/18","2.178","9.018"
"2018/06/19","2.164","9.005"
"2018/06/20","2.163","9.005"
"2018/06/21","2.149","8.994"
"2018/06/22","2.147","8.995"
"2018/06/25","2.143","8.992"
"2018/06/26","2.148","8.996"
"2018/06/27","2.122","8.976"
"2018/06/28","2.115","8.971"
"2018/06/29","2.122","8.976"
"2018/07/02","2.123","8.976"
"2018/07/03","2.138","8.989"
"2018/07/04","2.116","8.969"
"2018/07/05","2.093","8.951"
"2018/07/06","2.101","8.957"
"2018/07/09","2.107","8.962"
"2018/07/10","2.095","8.951"
"2018/07/11","2.054","8.915"
"2018/07/12","2.090","8.951"
"2018/07/13","2.105","8.962"
"2018/07/16","2.088","8.949"
"2018/07/17","2.094","8.954"
"2018/07/18","2.087","8.948"
"2018/07/19","2.089","8.951"
"2018/07/20","2.077","8.938"
"2018/07/23","2.077","8.941"
"2018/07/24","2.092","8.954"
"2018/07/25","2.079","8.945"
"2018/07/26","2.071","8.938"
"2018/07/27","2.112","8.974"
"2018/07/30","2.128","8.989"
"2018/07/31","2.123","8.983"
"2018/08/01","2.124","8.982"
"2018/08/02","2.113","8.972"
"2018/08/03","2.108","8.968"
"2018/08/06","2.097","8.959"
"2018/08/07","2.082","8.948"
"2018/08/08","2.070","8.936"
"2018/08/09","2.050","8.919"
"2018/08/10","2.040","8.908"
"2018/08/13","2.051","8.917"
"2018/08/14","2.063","8.925"
"2018/08/16","2.050","8.914"
"2018/08/17","1.997","8.868"
"2018/08/20","1.985","8.859"
"2018/08/21","1.919","8.800"
"2018/08/22","1.962","8.831"
"2018/08/23","1.963","8.830"
"2018/08/24","1.963","8.829"
"2018/08/27","1.963","8.760"
"2018/08/28","1.965","8.704"
"2018/08/29","1.955","8.644"
"2018/08/30","1.980","8.617"
"2018/08/31","1.916","8.519"
"2018/09/03","1.922","8.498"
"2018/09/04","1.917","8.473"
"2018/09/05","1.900","8.436"
"2018/09/06","1.912","8.440"
"2018/09/07","1.919","8.434"
"2018/09/10","1.918","8.436"
"2018/09/11","1.923","8.442"
"2018/09/12","1.893","8.413"
"2018/09/13","1.921","8.439"
"2018/09/14","1.960","8.475"
"2018/09/17","1.967","8.483"
"2018/09/18","1.980","8.493"
"2018/09/19","1.996","8.509"
"2018/09/20","2.035","8.547"
"2018/09/21","2.022","8.534"
"2018/09/27","2.006","8.519"
"2018/09/28","2.005","8.516"
"2018/10/01","2.022","8.530"
"2018/10/02","2.015","8.527"
"2018/10/04","2.066","8.575"
"2018/10/05","2.084","8.591"
"2018/10/08","2.091","8.598"
"2018/10/10","2.059","8.568"
"2018/10/11","2.012","8.523"
"2018/10/12","2.050","8.552"
"2018/10/15","2.051","8.551"
"2018/10/16","2.048","8.547"
"2018/10/17","2.023","8.526"
"2018/10/18","1.981","8.485"
"2018/10/19","1.989","8.492"
"2018/10/22","2.009","8.511"
"2018/10/23","1.989","8.494"
"2018/10/24","2.007","8.504"
"2018/10/25","1.982","8.484"
"2018/10/26","1.968","8.470"
"2018/10/29","1.894","8.400"
"2018/10/30","1.931","8.437"
"2018/10/31","1.939","8.444"
"2018/11/01","1.942","8.444"
"2018/11/02","1.982","8.481"
"2018/11/05","1.982","8.481"
"2018/11/06","1.984","8.486"
"2018/11/07","1.964","8.469"
"2018/11/08","1.966","8.470"
"2018/11/09","1.960","8.466"
"2018/11/12","1.945","8.456"
"2018/11/13","1.940","8.452"
"2018/11/14","1.922","8.443"
"2018/11/15","1.943","8.460"
"2018/11/16","1.947","8.462"
"2018/11/19","1.942","8.456"
"2018/11/20","1.940","8.455"
"2018/11/21","1.946","8.459"
"2018/11/22","1.942","8.457"
"2018/11/23","1.914","8.436"
"2018/11/26","1.914","8.437"
"2018/11/27","1.908","8.431"
"2018/11/28","1.920","8.440"
"2018/11/29","1.889","8.416"
"2018/11/30","1.897","8.424"
"2018/12/03","1.924","8.447"
"2018/12/04","1.914","8.443"
"2018/12/05","1.901","8.434"
"2018/12/06","1.839","8.386"
"2018/12/07","1.834","8.381"
"2018/12/10","1.803","8.364"
"2018/12/11","1.792","8.354"
"2018/12/12","1.803","8.362"
"2018/12/13","1.795","8.358"
"2018/12/14","1.781","8.347"
"2018/12/17","1.795","8.353"
"2018/12/18","1.795","8.352"
"2018/12/19","1.783","8.342"
"2018/12/20","1.800","8.354"
"2018/12/21","1.838","8.381"
"2018/12/24","1.846","8.384"
"2018/12/26","1.807","8.352"
"2018/12/27","1.810","8.354"
"2018/12/28","1.817","8.358"
"2018/12/31","1.817","8.358"
"2019/01/02","1.802","8.342"
"2019/01/03","1.796","8.338"
"2019/01/04","1.797","8.334"
"2019/01/07","1.807","8.343"
"2019/01/08","1.810","8.345"
"2019/01/09","1.809","8.346"
"2019/01/10","1.796","8.336"
"2019/01/11","1.804","8.339"
"2019/01/14","1.797","8.336"
"2019/01/15","1.797","8.336"
"2019/01/16","1.803","8.336"
"2019/01/17","1.795","8.334"
"2019/01/18","1.814","8.348"
"2019/01/21","1.821","8.352"
"2019/01/22","1.803","8.341"
"2019/01/23","1.803","8.343"
"2019/01/24","1.810","8.346"
"2019/01/25","1.812","8.346"
"2019/01/28","1.820","8.352"
"2019/01/29","1.823","8.355"
"2019/01/30","1.827","8.358"
"2019/01/31","1.809","8.340"
"2019/02/01","1.803","8.336"
"2019/02/07","1.801","8.332"
"2019/02/08","1.786","8.318"
"2019/02/11","1.781","8.313"
"2019/02/12","1.796","8.324"
"2019/02/13","1.801","8.328"
"2019/02/14","1.794","8.321"
"2019/02/15","1.779","8.310"
"2019/02/18","1.804","8.330"
"2019/02/19","1.800","8.328"
"2019/02/20","1.802","8.332"
"2019/02/21","1.811","8.337"
"2019/02/22","1.814","8.338"
"2019/02/25","1.819","8.343"
"2019/02/26","1.816","8.339"
"2019/02/27","1.808","8.331"
"2019/02/28","1.813","8.337"
"2019/03/04","1.834","8.357"
"2019/03/05","1.836","8.358"
"2019/03/06","1.828","8.352"
"2019/03/07","1.817","8.343"
"2019/03/08","1.802","8.329"
"2019/03/11","1.810","8.335"
"2019/03/12","1.810","8.335"
"2019/03/13","1.795","8.322"
"2019/03/14","1.793","8.320"
"2019/03/15","1.803","8.329"
"2019/03/18","1.812","8.338"
"2019/03/19","1.810","8.337"
"2019/03/20","1.813","8.341"
"2019/03/21","1.793","8.323"
"2019/03/22","1.800","8.330"
"2019/03/25","1.770","8.301"
"2019/03/26","1.763","8.292"
"2019/03/27","1.722","8.261"
"2019/03/28","1.679","8.224"
"2019/03/29","1.690","8.236"
"2019/04/01","1.726","8.269"
"2019/04/02","1.706","8.251"
"2019/04/03","1.720","8.267"
"2019/04/04","1.720","8.268"
"2019/04/05","1.735","8.281"
"2019/04/08","1.723","8.270"
"2019/04/09","1.725","8.270"
"2019/04/10","1.731","8.275"
"2019/04/11","1.732","8.276"
"2019/04/12","1.733","8.278"
"2019/04/15","1.761","8.303"
"2019/04/16","1.765","8.306"
"2019/04/17","1.778","8.321"
"2019/04/18","1.741","8.287"
"2019/04/19","1.756","8.300"
"2019/04/22","1.769","8.312"
"2019/04/23","1.768","8.309"
"2019/04/24","1.749","8.291"
"2019/04/25","1.724","8.267"
"2019/04/26","1.720","8.264"
"2019/04/29","1.712","8.258"
"2019/04/30","1.699","8.245"
"2019/05/02","1.732","8.272"
"2019/05/03","1.739","8.276"
"2019/05/07","1.723","8.261"
"2019/05/08","1.717","8.256"
"2019/05/09","1.708","8.248"
"2019/05/10","1.719","8.258"
"2019/05/13","1.721","8.258"
"2019/05/14","1.711","8.248"
"2019/05/15","1.710","8.246"
"2019/05/16","1.675","8.213"
"2019/05/17","1.670","8.212"
"2019/05/20","1.681","8.225"
"2019/05/21","1.663","8.212"
"2019/05/22","1.667","8.215"
"2019/05/23","1.648","8.200"
"2019/05/24","1.643","8.196"
"2019/05/27","1.652","8.201"
"2019/05/28","1.654","8.202"
"2019/05/29","1.619","8.178"
"2019/05/30","1.626","8.185"
"2019/05/31","1.587","8.151"
"2019/06/03","1.575","8.151"
"2019/06/04","1.570","8.148"
"2019/06/05","1.542","8.132"
"2019/06/07","1.537","8.131"
"2019/06/10","1.533","8.135"
"2019/06/11","1.542","8.142"
"2019/06/12","1.469","8.083"
"2019/06/13","1.480","8.087"
"2019/06/14","1.470","8.076"
"2019/06/17","1.491","8.096"
"2019/06/18","1.493","8.098"
"2019/06/19","1.484","8.089"
"2019/06/20","1.420","8.035"
"2019/06/21","1.440","8.049"
"2019/06/24","1.440","8.049"
"2019/06/25","1.478","8.077"
"2019/06/26","1.496","8.092"
"2019/06/27","1.494","8.094"
"2019/06/28","1.472","8.075"
"2019/07/01","1.479","8.081"
"2019/07/02","1.463","8.065"
"2019/07/03","1.429","8.032"
"2019/07/04","1.416","8.022"
"2019/07/05","1.423","8.029"
"2019/07/08","1.422","8.028"
"2019/07/09","1.424","8.029"
"2019/07/10","1.438","8.043"
"2019/07/11","1.419","8.026"
"2019/07/12","1.424","8.032"
"2019/07/15","1.434","8.041"
"2019/07/16","1.431","8.037"
"2019/07/17","1.399","8.007"
"2019/07/18","1.345","7.954"
"2019/07/19","1.327","7.936"
"2019/07/22","1.333","7.941"
"2019/07/23","1.339","7.947"
"2019/07/24","1.321","7.934"
"2019/07/25","1.302","7.911"
"2019/07/26","1.308","7.917"
"2019/07/29","1.306","7.916"
"2019/07/30","1.301","7.912"
"2019/07/31","1.292","7.904"
"2019/08/01","1.309","7.923"
"2019/08/02","1.260","7.874"
"2019/08/05","1.172","7.794"
"2019/08/06","1.163","7.790"
"2019/08/07","1.153","7.780"
"2019/08/08","1.165","7.794"
"2019/08/09","1.186","7.811"
"2019/08/12","1.182","7.811"
"2019/08/13","1.150","7.782"
"2019/08/14","1.149","7.782"
"2019/08/16","1.095","7.727"
"2019/08/19","1.093","7.728"
"2019/08/20","1.101","7.737"
"2019/08/21","1.156","7.786"
"2019/08/22","1.130","7.758"
"2019/08/23","1.169","7.792"
"2019/08/26","1.121","7.749"
"2019/08/27","1.171","7.796"
"2019/08/28","1.180","7.802"
"2019/08/29","1.167","7.792"
"2019/08/30","1.168","7.795"
"2019/09/02","1.233","7.842"
"2019/09/03","1.228","7.835"
"2019/09/04","1.241","7.843"
"2019/09/05","1.259","7.862"
"2019/09/06","1.265","7.871"
"2019/09/09","1.235","7.843"
"2019/09/10","1.242","7.848"
"2019/09/11","1.258","7.864"
"2019/09/16","1.348","7.952"
"2019/09/17","1.315","7.924"
"2019/09/18","1.309","7.919"
"2019/09/19","1.329","7.939"
"2019/09/20","1.332","7.940"
"2019/09/23","1.331","7.941"
"2019/09/24","1.325","7.933"
"2019/09/25","1.304","7.911"
"2019/09/26","1.301","7.911"
"2019/09/27","1.301","7.911"
"2019/09/30","1.297","7.903"
"2019/10/01","1.323","7.927"
"2019/10/02","1.303","7.911"
"2019/10/04","1.210","7.822"
"2019/10/07","1.232","7.845"
"2019/10/08","1.264","7.873"
"2019/10/10","1.276","7.887"
"2019/10/11","1.281","7.893"
"2019/10/14","1.281","7.896"
"2019/10/15","1.281","7.898"
"2019/10/16","1.320","7.934"
"2019/10/17","1.375","7.989"
"2019/10/18","1.375","7.990"
"2019/10/21","1.408","8.022"
"2019/10/22","1.379","7.995"
"2019/10/23","1.388","8.003"
"2019/10/24","1.396","8.014"
"2019/10/25","1.435","8.051"
"2019/10/28","1.523","8.130"
"2019/10/29","1.499","8.106"
"2019/10/30","1.481","8.092"
"2019/10/31","1.466","8.083"
"2019/11/01","1.467","8.085"
"2019/11/04","1.550","8.162"
"2019/11/05","1.522","8.135"
"2019/11/06","1.530","8.142"
"2019/11/07","1.541","8.157"
"2019/11/08","1.518","8.133"
"2019/11/11","1.500","8.121"
"2019/11/12","1.564","8.174"
"2019/11/13","1.510","8.125"
"2019/11/14","1.515","8.126"
"2019/11/15","1.513","8.128"
"2019/11/18","1.518","8.132"
"2019/11/19","1.485","8.102"
"2019/11/20","1.450","8.073"
"2019/11/21","1.462","8.087"
"2019/11/22","1.456","8.082"
"2019/11/25","1.475","8.099"
"2019/11/26","1.475","8.099"
"2019/11/27","1.456","8.085"
"2019/11/28","1.430","8.067"
"2019/11/29","1.385","8.034"
"2019/12/02","1.425","8.071"
"2019/12/03","1.460","8.096"
"2019/12/04","1.406","8.048"
"2019/12/05","1.423","8.066"
"2019/12/06","1.430","8.077"
"2019/12/09","1.412","8.063"
"2019/12/10","1.390","8.058"
"2019/12/11","1.381","8.051"
"2019/12/12","1.382","8.051"
"2019/12/13","1.402","8.071"
"2019/12/16","1.369","8.044"
"2019/12/17","1.363","8.040"
"2019/12/18","1.357","8.038"
"2019/12/19","1.383","8.061"
"2019/12/20","1.392","8.070"
"2019/12/23","1.380","8.062"
"2019/12/24","1.370","8.057"
"2019/12/26","1.367","8.053"
"2019/12/27","1.370","8.056"
"2019/12/30","1.360","8.049"
"2019/12/31","1.360","8.049"